<?xml version = '1.0' encoding = 'UTF-8'?>
<relationalModel class="oracle.dbtools.crest.model.design.relational.RelationalDesign" name="Relational" id="BC7DC5D8-8C43-0E19-D699-1B5F70B287DB" mainViewID="8B175DA7-AD20-EA6A-D835-19A0E1C32551">
<createdBy>mannannlegur</createdBy>
<createdTime>2016-05-10 22:05:26 UTC</createdTime>
<ownerDesignName>MusicWorld</ownerDesignName>
<shouldBeOpen>false</shouldBeOpen>
<selectedRDBMSSite>32076570-2523-435C-2E92-BF29817DFF70</selectedRDBMSSite>
</relationalModel>