<?xml version = '1.0' encoding = 'UTF-8'?>
<InheritanceRelation class="oracle.dbtools.crest.model.design.logical.InheritanceRelation" name="Hierarchy_11" directorySegmentName="seg_0" id="0064040B-5956-4A28-4F02-4DDA818FE297">
<createdBy>mannannlegur</createdBy>
<createdTime>2016-03-16 21:03:24 UTC</createdTime>
<ownerDesignName>BI_DBS</ownerDesignName>
<engineerTo>
<item key="BC7DC5D8-8C43-0E19-D699-1B5F70B287DB" value="true"/>
</engineerTo>
<identifying>false</identifying>
<nameOnSource>Super Type</nameOnSource>
<nameOnTarget>Sub Type</nameOnTarget>
<optionalSource>true</optionalSource>
<optionalTarget>true</optionalTarget>
<sourceEntity>9685FC86-C7BE-3033-5727-43CF5EC7C80F</sourceEntity>
<targetEntity>2D887C23-F3B6-4D2B-8A58-3447B3AAB4FD</targetEntity>
<transferable>true</transferable>
<deleteRule>NO ACTION</deleteRule>
</InheritanceRelation>