<?xml version = '1.0' encoding = 'UTF-8'?>
<InheritanceRelation class="oracle.dbtools.crest.model.design.logical.InheritanceRelation" name="Hierarchy_3" directorySegmentName="seg_0" id="5AC5A5B1-C78D-F4EF-D6F8-108260B9DD64">
<createdBy>mannannlegur</createdBy>
<createdTime>2016-03-16 20:28:48 UTC</createdTime>
<ownerDesignName>BI_DBS</ownerDesignName>
<engineerTo>
<item key="BC7DC5D8-8C43-0E19-D699-1B5F70B287DB" value="true"/>
</engineerTo>
<identifying>false</identifying>
<nameOnSource>Super Type</nameOnSource>
<nameOnTarget>Sub Type</nameOnTarget>
<optionalSource>true</optionalSource>
<optionalTarget>true</optionalTarget>
<sourceEntity>9685FC86-C7BE-3033-5727-43CF5EC7C80F</sourceEntity>
<targetEntity>EFD8BA40-259F-CE39-71FC-79CB8B6108D7</targetEntity>
<transferable>true</transferable>
<deleteRule>NO ACTION</deleteRule>
</InheritanceRelation>