<?xml version = '1.0' encoding = 'UTF-8'?>
<InheritanceRelation class="oracle.dbtools.crest.model.design.logical.InheritanceRelation" name="Hierarchy_5" directorySegmentName="seg_0" id="611C7437-5FE8-67DB-28FE-0A098BD2BB0F">
<createdBy>mannannlegur</createdBy>
<createdTime>2016-03-16 20:29:15 UTC</createdTime>
<ownerDesignName>BI_DBS</ownerDesignName>
<engineerTo>
<item key="BC7DC5D8-8C43-0E19-D699-1B5F70B287DB" value="true"/>
</engineerTo>
<identifying>false</identifying>
<nameOnSource>Super Type</nameOnSource>
<nameOnTarget>Sub Type</nameOnTarget>
<optionalSource>true</optionalSource>
<optionalTarget>true</optionalTarget>
<sourceEntity>9685FC86-C7BE-3033-5727-43CF5EC7C80F</sourceEntity>
<targetEntity>700538FA-139C-9314-CF0B-B1F51D458EE4</targetEntity>
<transferable>true</transferable>
<deleteRule>NO ACTION</deleteRule>
</InheritanceRelation>