<?xml version = '1.0' encoding = 'UTF-8'?>
<InheritanceRelation class="oracle.dbtools.crest.model.design.logical.InheritanceRelation" name="Hierarchy_4" directorySegmentName="seg_0" id="6692C9FB-6A6F-C3EF-6B0E-8713078D33C1">
<createdBy>mannannlegur</createdBy>
<createdTime>2016-03-16 20:28:57 UTC</createdTime>
<ownerDesignName>BI_DBS</ownerDesignName>
<engineerTo>
<item key="BC7DC5D8-8C43-0E19-D699-1B5F70B287DB" value="true"/>
</engineerTo>
<identifying>false</identifying>
<nameOnSource>Super Type</nameOnSource>
<nameOnTarget>Sub Type</nameOnTarget>
<optionalSource>true</optionalSource>
<optionalTarget>true</optionalTarget>
<sourceEntity>9685FC86-C7BE-3033-5727-43CF5EC7C80F</sourceEntity>
<targetEntity>C1C3EB1B-E314-3E26-8684-DEF2C30CB056</targetEntity>
<transferable>true</transferable>
<deleteRule>NO ACTION</deleteRule>
</InheritanceRelation>