<?xml version = '1.0' encoding = 'UTF-8'?>
<InheritanceRelation class="oracle.dbtools.crest.model.design.logical.InheritanceRelation" name="Hierarchy_8" directorySegmentName="seg_0" id="D5B876FA-850C-7C56-EB7F-D2EFC8A70C16">
<createdBy>mannannlegur</createdBy>
<createdTime>2016-03-16 20:30:45 UTC</createdTime>
<ownerDesignName>BI_DBS</ownerDesignName>
<engineerTo>
<item key="BC7DC5D8-8C43-0E19-D699-1B5F70B287DB" value="true"/>
</engineerTo>
<identifying>false</identifying>
<nameOnSource>Super Type</nameOnSource>
<nameOnTarget>Sub Type</nameOnTarget>
<optionalSource>true</optionalSource>
<optionalTarget>true</optionalTarget>
<sourceEntity>9685FC86-C7BE-3033-5727-43CF5EC7C80F</sourceEntity>
<targetEntity>4FAA5706-4C44-73EB-44D4-91A8AAF5EE0A</targetEntity>
<transferable>true</transferable>
<deleteRule>NO ACTION</deleteRule>
</InheritanceRelation>