<?xml version = '1.0' encoding = 'UTF-8'?>
<FKIndexAssociation class="oracle.dbtools.crest.model.design.relational.FKIndexAssociation" directorySegmentName="seg_0" id="164F5B02-F742-91B5-E7D9-0240495C7531" containerWithKeyObject="E6CCB5B2-DE0D-FF78-7BD7-4FC7CB64CDA3" localFKIndex="E9B4AF8C-ACCC-E407-CBFE-A997A95B6EBF" name="CONCERT_PLACE_FK">
<createdBy>mannannlegur</createdBy>
<createdTime>2016-05-10 22:05:31 UTC</createdTime>
<generatorID>212BCF19-95D3-0723-DA16-57A1642EE1D2</generatorID>
<ownerDesignName>MusicWorld</ownerDesignName>
<deleteRule>NO ACTION</deleteRule>
<referredTableID>EE52D324-68EE-070D-306B-3C6BE2E32190</referredTableID>
<keyObject>4AA09ECE-D4C2-8C0B-3908-A496BB3B5ACF</keyObject>
<referredKeyID>4AA09ECE-D4C2-8C0B-3908-A496BB3B5ACF</referredKeyID>
<mandatory>true</mandatory>
<transferable>true</transferable>
<rely>false</rely>
<columnDependencyConstraintGenerateInDDL>true</columnDependencyConstraintGenerateInDDL>
</FKIndexAssociation>