<?xml version = '1.0' encoding = 'UTF-8'?>
<FKIndexAssociation class="oracle.dbtools.crest.model.design.relational.FKIndexAssociation" directorySegmentName="seg_0" id="33A5D76F-62BD-2488-0119-C22E929E2914" containerWithKeyObject="AEE415C5-3BDF-228E-0CCB-79D9597E81E8" localFKIndex="88ADBA9A-73CB-CD9F-5369-DBDF5EA3D789" name="PERFORMANCE_CONCERT_FK">
<createdBy>mannannlegur</createdBy>
<createdTime>2016-05-10 22:05:31 UTC</createdTime>
<generatorID>91F16298-F37A-E37D-0B91-6010CFDDF9A4</generatorID>
<ownerDesignName>MusicWorld</ownerDesignName>
<deleteRule>NO ACTION</deleteRule>
<referredTableID>E6CCB5B2-DE0D-FF78-7BD7-4FC7CB64CDA3</referredTableID>
<keyObject>83962C15-353E-FAE7-CFE7-D20E6C44B281</keyObject>
<referredKeyID>83962C15-353E-FAE7-CFE7-D20E6C44B281</referredKeyID>
<mandatory>true</mandatory>
<transferable>true</transferable>
<rely>false</rely>
<columnDependencyConstraintGenerateInDDL>true</columnDependencyConstraintGenerateInDDL>
</FKIndexAssociation>