<?xml version = '1.0' encoding = 'UTF-8'?>
<FKIndexAssociation class="oracle.dbtools.crest.model.design.relational.FKIndexAssociation" directorySegmentName="seg_0" id="3A6E4670-6CA8-C302-1435-54B68C8BED5B" containerWithKeyObject="9C714D3E-8CD4-AB13-1074-7D94F368276E" localFKIndex="2FFE46E5-8B1A-6090-03DF-A204DFC1D238" name="ELECTRONIC_MUS_INST_FK">
<createdBy>mannannlegur</createdBy>
<createdTime>2016-05-10 22:05:31 UTC</createdTime>
<generatorID>0064040B-5956-4A28-4F02-4DDA818FE297</generatorID>
<ownerDesignName>MusicWorld</ownerDesignName>
<arc>07A004D3-2476-4CAC-4D99-74E4786FF62B</arc>
<deleteRule>NO ACTION</deleteRule>
<referredTableID>37400FB4-7032-714F-9A84-860F75DB9117</referredTableID>
<keyObject>254A515F-0B52-987E-D7D6-BD4A2D53B229</keyObject>
<referredKeyID>254A515F-0B52-987E-D7D6-BD4A2D53B229</referredKeyID>
<mandatory>true</mandatory>
<transferable>true</transferable>
<rely>false</rely>
<discriminatorValue>ELECTRONIC</discriminatorValue>
<columnDependencyConstraintGenerateInDDL>true</columnDependencyConstraintGenerateInDDL>
</FKIndexAssociation>