<?xml version = '1.0' encoding = 'UTF-8'?>
<FKIndexAssociation class="oracle.dbtools.crest.model.design.relational.FKIndexAssociation" directorySegmentName="seg_0" id="47E032FB-1A0B-032C-C287-3271BEE6CE41" containerWithKeyObject="0432E36C-01C1-9EC9-2E2A-169E5C77D7BB" localFKIndex="A371075F-39A3-F937-2495-5127E02DBCCA" name="IS_FAN_FAN_FK">
<createdBy>mannannlegur</createdBy>
<createdTime>2016-05-10 22:05:31 UTC</createdTime>
<generatorID>7D5A0E2E-B303-D134-F9AF-003D8C75731C</generatorID>
<ownerDesignName>MusicWorld</ownerDesignName>
<deleteRule>NO ACTION</deleteRule>
<referredTableID>88ADAA28-2550-5794-4386-D57B27CCD29F</referredTableID>
<keyObject>73B52BDA-BC5B-EAC8-EA2C-C2CC4678C4A0</keyObject>
<referredKeyID>73B52BDA-BC5B-EAC8-EA2C-C2CC4678C4A0</referredKeyID>
<mandatory>true</mandatory>
<transferable>true</transferable>
<rely>false</rely>
<columnDependencyConstraintGenerateInDDL>true</columnDependencyConstraintGenerateInDDL>
</FKIndexAssociation>