<?xml version = '1.0' encoding = 'UTF-8'?>
<FKIndexAssociation class="oracle.dbtools.crest.model.design.relational.FKIndexAssociation" directorySegmentName="seg_0" id="4B5FB77D-340F-3CC0-3C5C-DEA42D651AA1" containerWithKeyObject="106B0D53-AFB8-BB08-0591-A158A6DDCD95" localFKIndex="5E0C5716-C7C9-E00F-24C0-75D70756D717" name="OTHER_MUS_INST_FK">
<createdBy>mannannlegur</createdBy>
<createdTime>2016-05-10 22:05:31 UTC</createdTime>
<generatorID>D5B876FA-850C-7C56-EB7F-D2EFC8A70C16</generatorID>
<ownerDesignName>MusicWorld</ownerDesignName>
<arc>07A004D3-2476-4CAC-4D99-74E4786FF62B</arc>
<deleteRule>NO ACTION</deleteRule>
<referredTableID>37400FB4-7032-714F-9A84-860F75DB9117</referredTableID>
<keyObject>254A515F-0B52-987E-D7D6-BD4A2D53B229</keyObject>
<referredKeyID>254A515F-0B52-987E-D7D6-BD4A2D53B229</referredKeyID>
<mandatory>true</mandatory>
<transferable>true</transferable>
<rely>false</rely>
<discriminatorValue>OTHER</discriminatorValue>
<columnDependencyConstraintGenerateInDDL>true</columnDependencyConstraintGenerateInDDL>
</FKIndexAssociation>