<?xml version = '1.0' encoding = 'UTF-8'?>
<FKIndexAssociation class="oracle.dbtools.crest.model.design.relational.FKIndexAssociation" directorySegmentName="seg_0" id="4E863781-7D4E-A5C7-22B0-88930C54C580" containerWithKeyObject="7E3E5540-BE83-8A92-7B41-58E399294999" localFKIndex="AD551553-831F-EDEB-43BE-4C5FE589B650" name="HAVING_FUN_FAN_FK">
<createdBy>mannannlegur</createdBy>
<createdTime>2016-05-10 22:05:31 UTC</createdTime>
<generatorID>E9370ECE-1139-A04B-782F-6AEF034A33AF</generatorID>
<ownerDesignName>MusicWorld</ownerDesignName>
<deleteRule>NO ACTION</deleteRule>
<referredTableID>88ADAA28-2550-5794-4386-D57B27CCD29F</referredTableID>
<keyObject>73B52BDA-BC5B-EAC8-EA2C-C2CC4678C4A0</keyObject>
<referredKeyID>73B52BDA-BC5B-EAC8-EA2C-C2CC4678C4A0</referredKeyID>
<mandatory>true</mandatory>
<transferable>true</transferable>
<rely>false</rely>
<columnDependencyConstraintGenerateInDDL>true</columnDependencyConstraintGenerateInDDL>
</FKIndexAssociation>