<?xml version = '1.0' encoding = 'UTF-8'?>
<FKIndexAssociation class="oracle.dbtools.crest.model.design.relational.FKIndexAssociation" directorySegmentName="seg_0" id="681EC87D-58B1-EBC6-AE0A-430D16081703" containerWithKeyObject="D8A595EB-BFC8-99C8-C0A0-2189BEE237C3" localFKIndex="B4AEAE0B-D508-492B-E861-4906E1487F96" name="IN_BAND_MUSICIAN_FK">
<createdBy>mannannlegur</createdBy>
<createdTime>2016-05-10 22:05:31 UTC</createdTime>
<generatorID>76C720D2-9C29-1BAA-7165-C5C1E52B1B34</generatorID>
<ownerDesignName>MusicWorld</ownerDesignName>
<deleteRule>NO ACTION</deleteRule>
<referredTableID>18AE1860-E3DB-31D3-38E9-2249ED7BF3D0</referredTableID>
<keyObject>E5041FF0-86D7-005B-12DA-8988F150E317</keyObject>
<referredKeyID>E5041FF0-86D7-005B-12DA-8988F150E317</referredKeyID>
<mandatory>true</mandatory>
<transferable>true</transferable>
<rely>false</rely>
<columnDependencyConstraintGenerateInDDL>true</columnDependencyConstraintGenerateInDDL>
</FKIndexAssociation>