<?xml version = '1.0' encoding = 'UTF-8'?>
<FKIndexAssociation class="oracle.dbtools.crest.model.design.relational.FKIndexAssociation" directorySegmentName="seg_0" id="6B0DAA22-485C-30C4-3FDA-4513E315CA5D" containerWithKeyObject="0432E36C-01C1-9EC9-2E2A-169E5C77D7BB" localFKIndex="C7842354-A129-F5EC-D071-71AE053D7C0C" name="IS_FAN_BAND_FK">
<createdBy>mannannlegur</createdBy>
<createdTime>2016-05-10 22:05:31 UTC</createdTime>
<generatorID>80ADB579-CFDD-17CA-F2C8-6D71B7291948</generatorID>
<ownerDesignName>MusicWorld</ownerDesignName>
<deleteRule>NO ACTION</deleteRule>
<referredTableID>D862732F-BDA7-1AB2-FE03-77D7FA758AB4</referredTableID>
<keyObject>9F653BF6-A6CF-5985-FF20-2BFDCBDABBAB</keyObject>
<referredKeyID>9F653BF6-A6CF-5985-FF20-2BFDCBDABBAB</referredKeyID>
<mandatory>true</mandatory>
<transferable>true</transferable>
<rely>false</rely>
<columnDependencyConstraintGenerateInDDL>true</columnDependencyConstraintGenerateInDDL>
</FKIndexAssociation>