<?xml version = '1.0' encoding = 'UTF-8'?>
<FKIndexAssociation class="oracle.dbtools.crest.model.design.relational.FKIndexAssociation" directorySegmentName="seg_0" id="785951F4-DE52-11FF-52E2-A2A9ECA97D51" containerWithKeyObject="37400FB4-7032-714F-9A84-860F75DB9117" localFKIndex="FEDD06C2-3EE4-0A8F-9BEB-3A114B0E57B5" name="MUS_INST_MUSICIAN_FK">
<createdBy>mannannlegur</createdBy>
<createdTime>2016-05-10 22:05:31 UTC</createdTime>
<generatorID>5AB4B013-F9DB-685E-4BC0-DE6F55369F10</generatorID>
<ownerDesignName>MusicWorld</ownerDesignName>
<deleteRule>NO ACTION</deleteRule>
<referredTableID>18AE1860-E3DB-31D3-38E9-2249ED7BF3D0</referredTableID>
<keyObject>E5041FF0-86D7-005B-12DA-8988F150E317</keyObject>
<referredKeyID>E5041FF0-86D7-005B-12DA-8988F150E317</referredKeyID>
<mandatory>true</mandatory>
<transferable>true</transferable>
<rely>false</rely>
<columnDependencyConstraintGenerateInDDL>true</columnDependencyConstraintGenerateInDDL>
</FKIndexAssociation>