<?xml version = '1.0' encoding = 'UTF-8'?>
<FKIndexAssociation class="oracle.dbtools.crest.model.design.relational.FKIndexAssociation" directorySegmentName="seg_0" id="84D9E845-BC51-6AAA-687E-50D9956354E3" containerWithKeyObject="7E3E5540-BE83-8A92-7B41-58E399294999" localFKIndex="E8DE0A35-D926-46E3-E349-37ADD22DFAE2" name="HAVING_FUN_CONCERT_FK">
<createdBy>mannannlegur</createdBy>
<createdTime>2016-05-10 22:05:31 UTC</createdTime>
<generatorID>A25A720E-AEFF-3D97-CA39-CAD70BD007B2</generatorID>
<ownerDesignName>MusicWorld</ownerDesignName>
<deleteRule>NO ACTION</deleteRule>
<referredTableID>E6CCB5B2-DE0D-FF78-7BD7-4FC7CB64CDA3</referredTableID>
<keyObject>83962C15-353E-FAE7-CFE7-D20E6C44B281</keyObject>
<referredKeyID>83962C15-353E-FAE7-CFE7-D20E6C44B281</referredKeyID>
<mandatory>true</mandatory>
<transferable>true</transferable>
<rely>false</rely>
<columnDependencyConstraintGenerateInDDL>true</columnDependencyConstraintGenerateInDDL>
</FKIndexAssociation>