<?xml version = '1.0' encoding = 'UTF-8'?>
<FKIndexAssociation class="oracle.dbtools.crest.model.design.relational.FKIndexAssociation" directorySegmentName="seg_0" id="8C5100E0-76EA-BC08-45E6-8507BA76D3F0" containerWithKeyObject="AEE415C5-3BDF-228E-0CCB-79D9597E81E8" localFKIndex="AC1233FC-A311-FF33-21B3-5429378FD7C5" name="PERFORMANCE_BAND_FK">
<createdBy>mannannlegur</createdBy>
<createdTime>2016-05-10 22:05:31 UTC</createdTime>
<generatorID>A1E3E06E-4F51-DA03-CF33-9774FB3F4EF8</generatorID>
<ownerDesignName>MusicWorld</ownerDesignName>
<deleteRule>NO ACTION</deleteRule>
<referredTableID>D862732F-BDA7-1AB2-FE03-77D7FA758AB4</referredTableID>
<keyObject>9F653BF6-A6CF-5985-FF20-2BFDCBDABBAB</keyObject>
<referredKeyID>9F653BF6-A6CF-5985-FF20-2BFDCBDABBAB</referredKeyID>
<mandatory>true</mandatory>
<transferable>true</transferable>
<rely>false</rely>
<columnDependencyConstraintGenerateInDDL>true</columnDependencyConstraintGenerateInDDL>
</FKIndexAssociation>