<?xml version = '1.0' encoding = 'UTF-8'?>
<FKIndexAssociation class="oracle.dbtools.crest.model.design.relational.FKIndexAssociation" directorySegmentName="seg_0" id="91BD1E5D-8D22-779F-D96B-42CA51539AF8" containerWithKeyObject="61B30A78-505B-EC04-1259-22E04B19E524" localFKIndex="069F86A6-E0C5-9547-3818-D2F84795E816" name="WIND_MUS_INST_FK">
<createdBy>mannannlegur</createdBy>
<createdTime>2016-05-10 22:05:31 UTC</createdTime>
<generatorID>3DC9B795-B694-57EE-4846-977FAF6263F1</generatorID>
<ownerDesignName>MusicWorld</ownerDesignName>
<arc>07A004D3-2476-4CAC-4D99-74E4786FF62B</arc>
<deleteRule>NO ACTION</deleteRule>
<referredTableID>37400FB4-7032-714F-9A84-860F75DB9117</referredTableID>
<keyObject>254A515F-0B52-987E-D7D6-BD4A2D53B229</keyObject>
<referredKeyID>254A515F-0B52-987E-D7D6-BD4A2D53B229</referredKeyID>
<mandatory>true</mandatory>
<transferable>true</transferable>
<rely>false</rely>
<discriminatorValue>WIND</discriminatorValue>
<columnDependencyConstraintGenerateInDDL>true</columnDependencyConstraintGenerateInDDL>
</FKIndexAssociation>