<?xml version = '1.0' encoding = 'UTF-8'?>
<FKIndexAssociation class="oracle.dbtools.crest.model.design.relational.FKIndexAssociation" directorySegmentName="seg_0" id="929D7AF0-F50B-CDA5-06B2-B601A77B6506" containerWithKeyObject="24C297E1-D2CE-C695-790A-DBC5BD12E60D" localFKIndex="600F8D26-9D70-F10E-082E-A3B912EA7FDC" name="KEYBOARD_MUS_INST_FK">
<createdBy>mannannlegur</createdBy>
<createdTime>2016-05-10 22:05:31 UTC</createdTime>
<generatorID>6692C9FB-6A6F-C3EF-6B0E-8713078D33C1</generatorID>
<ownerDesignName>MusicWorld</ownerDesignName>
<arc>07A004D3-2476-4CAC-4D99-74E4786FF62B</arc>
<deleteRule>NO ACTION</deleteRule>
<referredTableID>37400FB4-7032-714F-9A84-860F75DB9117</referredTableID>
<keyObject>254A515F-0B52-987E-D7D6-BD4A2D53B229</keyObject>
<referredKeyID>254A515F-0B52-987E-D7D6-BD4A2D53B229</referredKeyID>
<mandatory>true</mandatory>
<transferable>true</transferable>
<rely>false</rely>
<discriminatorValue>KEYBOARD</discriminatorValue>
<columnDependencyConstraintGenerateInDDL>true</columnDependencyConstraintGenerateInDDL>
</FKIndexAssociation>