<?xml version = '1.0' encoding = 'UTF-8'?>
<FKIndexAssociation class="oracle.dbtools.crest.model.design.relational.FKIndexAssociation" directorySegmentName="seg_0" id="AD2CBC49-0EAF-F33B-FF0F-68A94BC8C980" containerWithKeyObject="18AE1860-E3DB-31D3-38E9-2249ED7BF3D0" localFKIndex="69150569-A6A4-A2AD-396E-81741737D0A5" name="MUSICIAN_FAN_FK">
<createdBy>mannannlegur</createdBy>
<createdTime>2016-05-10 22:05:31 UTC</createdTime>
<generatorID>2FBA54E5-AA45-0817-ABA4-5DDA1613D9DF</generatorID>
<ownerDesignName>MusicWorld</ownerDesignName>
<deleteRule>NO ACTION</deleteRule>
<referredTableID>88ADAA28-2550-5794-4386-D57B27CCD29F</referredTableID>
<keyObject>73B52BDA-BC5B-EAC8-EA2C-C2CC4678C4A0</keyObject>
<referredKeyID>73B52BDA-BC5B-EAC8-EA2C-C2CC4678C4A0</referredKeyID>
<mandatory>true</mandatory>
<transferable>true</transferable>
<rely>false</rely>
<columnDependencyConstraintGenerateInDDL>true</columnDependencyConstraintGenerateInDDL>
</FKIndexAssociation>