<?xml version = '1.0' encoding = 'UTF-8'?>
<FKIndexAssociation class="oracle.dbtools.crest.model.design.relational.FKIndexAssociation" directorySegmentName="seg_0" id="E8EC8DE0-4F2F-553F-27D8-A7F5B41C9364" containerWithKeyObject="E2A41DA9-A92F-3FF5-378C-FA27466D0781" localFKIndex="C86007F3-DBBF-729A-BBEE-64FCDC806137" name="SONG_BAND_FK">
<createdBy>mannannlegur</createdBy>
<createdTime>2016-05-10 22:05:31 UTC</createdTime>
<generatorID>FBF2192C-C692-E3A8-28A4-F046BD8727C6</generatorID>
<ownerDesignName>MusicWorld</ownerDesignName>
<deleteRule>NO ACTION</deleteRule>
<referredTableID>D862732F-BDA7-1AB2-FE03-77D7FA758AB4</referredTableID>
<keyObject>9F653BF6-A6CF-5985-FF20-2BFDCBDABBAB</keyObject>
<referredKeyID>9F653BF6-A6CF-5985-FF20-2BFDCBDABBAB</referredKeyID>
<mandatory>true</mandatory>
<transferable>true</transferable>
<rely>false</rely>
<columnDependencyConstraintGenerateInDDL>true</columnDependencyConstraintGenerateInDDL>
</FKIndexAssociation>