<?xml version = '1.0' encoding = 'UTF-8'?>
<FKIndexAssociation class="oracle.dbtools.crest.model.design.relational.FKIndexAssociation" directorySegmentName="seg_0" id="EC544BC4-B3CB-9A8C-3744-076921924B87" containerWithKeyObject="D8A595EB-BFC8-99C8-C0A0-2189BEE237C3" localFKIndex="116DA01A-0793-DCD3-023F-91E9D2602C2C" name="IN_BAND_BAND_FK">
<createdBy>mannannlegur</createdBy>
<createdTime>2016-05-10 22:05:31 UTC</createdTime>
<generatorID>4AB4E3B9-7187-E22D-291E-27DDE751555C</generatorID>
<ownerDesignName>MusicWorld</ownerDesignName>
<deleteRule>NO ACTION</deleteRule>
<referredTableID>D862732F-BDA7-1AB2-FE03-77D7FA758AB4</referredTableID>
<keyObject>9F653BF6-A6CF-5985-FF20-2BFDCBDABBAB</keyObject>
<referredKeyID>9F653BF6-A6CF-5985-FF20-2BFDCBDABBAB</referredKeyID>
<mandatory>true</mandatory>
<transferable>true</transferable>
<rely>false</rely>
<columnDependencyConstraintGenerateInDDL>true</columnDependencyConstraintGenerateInDDL>
</FKIndexAssociation>