<?xml version = '1.0' encoding = 'UTF-8'?>
<FKIndexAssociation class="oracle.dbtools.crest.model.design.relational.FKIndexAssociation" directorySegmentName="seg_0" id="F63641E1-D674-8F7C-596F-039DC3BFEEFB" containerWithKeyObject="750D9559-61F2-1610-1985-D76903CF1E05" localFKIndex="C0ECCAED-0CE6-A776-F591-E2928614B879" name="MIC_MUS_INST_FK">
<createdBy>mannannlegur</createdBy>
<createdTime>2016-05-10 22:05:31 UTC</createdTime>
<generatorID>611C7437-5FE8-67DB-28FE-0A098BD2BB0F</generatorID>
<ownerDesignName>MusicWorld</ownerDesignName>
<arc>07A004D3-2476-4CAC-4D99-74E4786FF62B</arc>
<deleteRule>NO ACTION</deleteRule>
<referredTableID>37400FB4-7032-714F-9A84-860F75DB9117</referredTableID>
<keyObject>254A515F-0B52-987E-D7D6-BD4A2D53B229</keyObject>
<referredKeyID>254A515F-0B52-987E-D7D6-BD4A2D53B229</referredKeyID>
<mandatory>true</mandatory>
<transferable>true</transferable>
<rely>false</rely>
<discriminatorValue>MIC</discriminatorValue>
<columnDependencyConstraintGenerateInDDL>true</columnDependencyConstraintGenerateInDDL>
</FKIndexAssociation>