<?xml version = '1.0' encoding = 'UTF-8'?>
<Diagram class="oracle.dbtools.crest.swingui.logical.DPVLogical" name="Logical" id="B052D323-2246-AF97-05A6-9AF4C9C03C75">
<createdBy>mannannlegur</createdBy>
<modifiedBy>mannannlegur</modifiedBy>
<createdTime>2016-03-13 21:58:48 UTC</createdTime>
<autoRoute>false</autoRoute>
<boxInbox>true</boxInbox>
<showLegend>false</showLegend>
<showLabels>true</showLabels>
<showRelAttributes>false</showRelAttributes>
<gridEnabled>false</gridEnabled>
<showGrid>false</showGrid>
<diagramColor>-1</diagramColor>
<display>false</display>
<notation>1</notation>
<objectViews>
<OView class="oracle.dbtools.crest.swingui.TVNote" oid="0EC28C40-790C-57F8-3D0A-B234B06F24C6" otype="Note" vid="38F2FC16-4943-81A0-CF01-D04E11BB919C">
<hideElementsInCurrentOnly>false</hideElementsInCurrentOnly>
<bounds x="1209" y="409" width="298" height="50"/>
<comment>IR5: a concert should start earlier than its end.&lt;br/&gt;&lt;br/&gt;IO5: začátek koncerta musí být dříve než jeho konec.</comment>
</OView>
<OView class="oracle.dbtools.crest.swingui.logical.TVEntity" oid="1001FCDE-CE83-493A-68E6-0A1BB73FA75B" otype="Entity" vid="6516404B-3849-54B2-04D0-15467461DB7B">
<hideElementsInCurrentOnly>false</hideElementsInCurrentOnly>
<bounds x="756" y="193" width="170" height="116"/>
</OView>
<OView class="oracle.dbtools.crest.swingui.TVNote" oid="151F8A8B-ED67-F999-9BFC-6B37BEB672C2" otype="Note" vid="9E766B53-AA70-1500-06BB-B9EB078B354B">
<hideElementsInCurrentOnly>false</hideElementsInCurrentOnly>
<bounds x="1208" y="535" width="297" height="83"/>
<comment>IR7: a concert visitor should not a the part of any band that play on the concert.&lt;br/&gt;&lt;br/&gt;IO7: návštěvník koncertu nemůže být jednym z účastníků kapel, které hrajou na koncertu.</comment>
</OView>
<OView class="oracle.dbtools.crest.swingui.logical.TVEntity" oid="2881555A-76CE-5B98-E985-B68DBF29FDB3" otype="Entity" vid="90DC2483-E0EF-343F-5CF3-E139099AD85E">
<hideElementsInCurrentOnly>false</hideElementsInCurrentOnly>
<bounds x="679" y="720" width="160" height="90"/>
</OView>
<OView class="oracle.dbtools.crest.swingui.logical.TVEntity" oid="2D887C23-F3B6-4D2B-8A58-3447B3AAB4FD" otype="Entity" vid="4B8D4664-3A6E-4E85-1650-0097E28843FA">
<hideElementsInCurrentOnly>false</hideElementsInCurrentOnly>
<bounds x="104" y="726" width="129" height="53"/>
</OView>
<OView class="oracle.dbtools.crest.swingui.logical.TVEntity" oid="445CA9CA-5F9C-5695-C721-7C362F8999F8" otype="Entity" vid="9C4025F3-9823-BA2C-29CA-790936AF1F80">
<hideElementsInCurrentOnly>false</hideElementsInCurrentOnly>
<bounds x="504" y="65" width="165" height="134"/>
</OView>
<OView class="oracle.dbtools.crest.swingui.logical.TVEntity" oid="4FAA5706-4C44-73EB-44D4-91A8AAF5EE0A" otype="Entity" vid="B0A03C44-1536-B7ED-3250-7DE82A7119AB">
<hideElementsInCurrentOnly>false</hideElementsInCurrentOnly>
<bounds x="101" y="613" width="129" height="51"/>
</OView>
<OView class="oracle.dbtools.crest.swingui.logical.TVEntity" oid="700538FA-139C-9314-CF0B-B1F51D458EE4" otype="Entity" vid="218D84AA-F9FB-1B6A-079E-6ECAFE19077F">
<hideElementsInCurrentOnly>false</hideElementsInCurrentOnly>
<bounds x="246" y="668" width="129" height="53"/>
</OView>
<OView class="oracle.dbtools.crest.swingui.TVNote" oid="922BDAB0-091B-EF73-4BC0-10D164BA4FAF" otype="Note" vid="6DDB6A6B-CE81-A733-B609-E74106897257">
<hideElementsInCurrentOnly>false</hideElementsInCurrentOnly>
<bounds x="1209" y="150" width="296" height="52"/>
<comment>IR1: a band cannot have gigs after its death. &lt;br/&gt;&lt;br/&gt;IO1: kapela nemůže mít žádný koncert po své smrti.</comment>
</OView>
<OView class="oracle.dbtools.crest.swingui.logical.TVEntity" oid="95A589C1-653D-E821-2DD7-642C0F608A3C" otype="Entity" vid="09145217-E526-9D94-76CB-B96515D438C2">
<hideElementsInCurrentOnly>false</hideElementsInCurrentOnly>
<bounds x="136" y="79" width="170" height="113"/>
</OView>
<OView class="oracle.dbtools.crest.swingui.TVNote" oid="95FCE913-5B6D-FDC0-187C-B4117E3D26AF" otype="Note" vid="E562D2EE-6819-5A07-C396-E56C9559BD81">
<hideElementsInCurrentOnly>false</hideElementsInCurrentOnly>
<bounds x="1209" y="348" width="298" height="51"/>
<comment>IR4: the capacity of a place cannot be less than 0.&lt;br/&gt;&lt;br/&gt;IO4: capacita místa konání koncerta nemůže být míň než 0.</comment>
</OView>
<OView class="oracle.dbtools.crest.swingui.logical.TVEntity" oid="9685FC86-C7BE-3033-5727-43CF5EC7C80F" otype="Entity" vid="34B3AFE9-6BDA-049C-16D0-1431F455F2B9">
<hideElementsInCurrentOnly>false</hideElementsInCurrentOnly>
<bounds x="93" y="566" width="302" height="284"/>
</OView>
<OView class="oracle.dbtools.crest.swingui.TVNote" oid="A23B9792-25F1-8134-9D88-CD49BD22DF68" otype="Note" vid="BB23A115-D97A-ED71-008E-C39A1041D9F4">
<hideElementsInCurrentOnly>false</hideElementsInCurrentOnly>
<bounds x="1209" y="470" width="297" height="51"/>
<comment>IR6: a price of a concert should be higher than 0.&lt;br/&gt;&lt;br/&gt;IO6: cena koncertu musí být větší 0.</comment>
</OView>
<OView class="oracle.dbtools.crest.swingui.logical.TVEntity" oid="A7442A40-A9C2-2C81-ED4F-CA1620A074B1" otype="Entity" vid="4C679CDD-A47C-DBB4-E8C7-BAF42A0CA9E3">
<hideElementsInCurrentOnly>false</hideElementsInCurrentOnly>
<bounds x="121" y="317" width="217" height="99"/>
</OView>
<OView class="oracle.dbtools.crest.swingui.TVNote" oid="A8132743-DF78-FC86-B48D-B93ACCA61724" otype="Note" vid="46D72838-2923-654B-8F69-34D7497AFB62">
<hideElementsInCurrentOnly>false</hideElementsInCurrentOnly>
<bounds x="1209" y="221" width="298" height="49"/>
<comment>IR2: a musician cannot be a fan of their band.&lt;br/&gt;&lt;br/&gt;IO2: hudebník nemůže být fanouškem své kapely.</comment>
</OView>
<OView class="oracle.dbtools.crest.swingui.logical.TVEntity" oid="A94ACB62-428D-1DBB-CB2F-C8C8047E988E" otype="Entity" vid="6C0B6E2B-37C0-9D7C-0D43-AED8993F27DD">
<hideElementsInCurrentOnly>false</hideElementsInCurrentOnly>
<bounds x="968" y="71" width="184" height="121"/>
</OView>
<OView class="oracle.dbtools.crest.swingui.logical.TVEntity" oid="AB970D40-2AFD-9DF1-DA18-7D664CE4F75B" otype="Entity" vid="94FF3247-A34B-0654-99F7-90B506C7253F">
<hideElementsInCurrentOnly>false</hideElementsInCurrentOnly>
<bounds x="1010" y="505" width="146" height="123"/>
</OView>
<OView class="oracle.dbtools.crest.swingui.TVNote" oid="BE67C242-5DA9-2595-C005-14D291BB92A8" otype="Note" vid="48B0BDC3-533E-583B-8688-56904B427756">
<hideElementsInCurrentOnly>false</hideElementsInCurrentOnly>
<bounds x="1209" y="287" width="299" height="49"/>
<comment>IR3: the length of a song cannot be less than at least 1.&lt;br/&gt;&lt;br/&gt;IO3: délka písni nemůže být míň než aspoň 1.</comment>
</OView>
<OView class="oracle.dbtools.crest.swingui.logical.TVEntity" oid="C1C3EB1B-E314-3E26-8684-DEF2C30CB056" otype="Entity" vid="6D797185-9104-887E-1843-99A1091E3E6B">
<hideElementsInCurrentOnly>false</hideElementsInCurrentOnly>
<bounds x="246" y="613" width="129" height="53"/>
</OView>
<OView class="oracle.dbtools.crest.swingui.logical.TVEntity" oid="D6269BBC-CB4E-3D65-B046-066B3F6BFB41" otype="Entity" vid="73B3CD96-FF9B-1A56-8065-25CE24CA21CA">
<hideElementsInCurrentOnly>false</hideElementsInCurrentOnly>
<bounds x="102" y="667" width="130" height="53"/>
</OView>
<OView class="oracle.dbtools.crest.swingui.logical.TVEntity" oid="D9626642-BA1A-4D6C-266E-B1CF41D25D53" otype="Entity" vid="CFBFDDA4-1A1B-DD39-A92C-B76FB3D3419D">
<hideElementsInCurrentOnly>false</hideElementsInCurrentOnly>
<bounds x="248" y="724" width="129" height="53"/>
</OView>
<OView class="oracle.dbtools.crest.swingui.TVNote" oid="E1BBEB00-A003-AE8D-CF37-543D96AE9132" otype="Note" vid="C3970E31-539B-8732-4545-252D5587264D">
<hideElementsInCurrentOnly>false</hideElementsInCurrentOnly>
<bounds x="1170" y="640" width="344" height="52"/>
<comment>IR8: a band cannot have more than one concert at the same time.&lt;br/&gt;&lt;br/&gt;IO8: kapel nemůže mít víc než 1 koncert ve stejný čas.</comment>
</OView>
<OView class="oracle.dbtools.crest.swingui.logical.TVEntity" oid="E78A2C1A-97ED-8BAA-CE2A-AFE43FE78CDD" otype="Entity" vid="E4540235-A256-7AA0-0B02-892C460183D2">
<hideElementsInCurrentOnly>false</hideElementsInCurrentOnly>
<bounds x="785" y="537" width="170" height="115"/>
</OView>
<OView class="oracle.dbtools.crest.swingui.logical.TVEntity" oid="EFD8BA40-259F-CE39-71FC-79CB8B6108D7" otype="Entity" vid="A2C80736-F9EC-4008-770E-98CDEC5F394F">
<hideElementsInCurrentOnly>false</hideElementsInCurrentOnly>
<bounds x="103" y="783" width="130" height="52"/>
</OView>
<OView class="oracle.dbtools.crest.swingui.logical.TVEntity" oid="F17AF1DD-6665-2A88-C7E0-718948C6FC3C" otype="Entity" vid="20A3B378-E357-DA09-2EF4-B0559B245BE2">
<hideElementsInCurrentOnly>false</hideElementsInCurrentOnly>
<bounds x="451" y="330" width="170" height="115"/>
</OView>
<OView class="oracle.dbtools.crest.swingui.logical.TVEntity" oid="F82C5F43-77DB-1349-E015-57BFB1B88B7D" otype="Entity" vid="6C2F35F8-6660-A118-CFBE-EA21BD878A08">
<hideElementsInCurrentOnly>false</hideElementsInCurrentOnly>
<bounds x="739" y="371" width="196" height="80"/>
</OView>
</objectViews>
<connectors>
<Connector class="oracle.dbtools.crest.swingui.logical.TVInheritanceRelation" oid="0064040B-5956-4A28-4F02-4DDA818FE297" otype="Hierarchy relation" vid_source="34B3AFE9-6BDA-049C-16D0-1431F455F2B9" vid_target="4B8D4664-3A6E-4E85-1650-0097E28843FA">
<hideElementsInCurrentOnly>false</hideElementsInCurrentOnly>
<lineWidth>1</lineWidth>
</Connector>
<Connector class="oracle.dbtools.crest.swingui.logical.TVRelation" oid="212BCF19-95D3-0723-DA16-57A1642EE1D2" otype="Relation" vid_source="6C0B6E2B-37C0-9D7C-0D43-AED8993F27DD" vid_target="9C4025F3-9823-BA2C-29CA-790936AF1F80">
<hideElementsInCurrentOnly>false</hideElementsInCurrentOnly>
<lineWidth>1</lineWidth>
<sourceLabel class="oracle.dbtools.crest.model.design.Label">
<site>0</site>
<labelBounds x="883" y="120" width="40" height="22"/>
<fonts itemClass="oracle.dbtools.crest.model.design.FontObjectWr">
<FontObject>
<foType>Text</foType>
<colorRGB>-16777216</colorRGB>
</FontObject>
</fonts>
</sourceLabel>
<targetLabel class="oracle.dbtools.crest.model.design.Label">
<site>2</site>
<labelBounds x="670" y="120" width="38" height="27"/>
<fonts itemClass="oracle.dbtools.crest.model.design.FontObjectWr">
<FontObject>
<foType>Text</foType>
<colorRGB>-16777216</colorRGB>
</FontObject>
</fonts>
</targetLabel>
<points>
<point x="968" y="117"/>
<point x="675" y="117"/>
<point x="669" y="117"/>
</points>
</Connector>
<Connector class="oracle.dbtools.crest.swingui.logical.TVRelation" oid="2FBA54E5-AA45-0817-ABA4-5DDA1613D9DF" otype="Relation" vid_source="4C679CDD-A47C-DBB4-E8C7-BAF42A0CA9E3" vid_target="90DC2483-E0EF-343F-5CF3-E139099AD85E">
<hideElementsInCurrentOnly>false</hideElementsInCurrentOnly>
<lineWidth>1</lineWidth>
<sourceLabel class="oracle.dbtools.crest.model.design.Label">
<site>0</site>
<labelBounds x="258" y="439" width="66" height="20"/>
<fonts itemClass="oracle.dbtools.crest.model.design.FontObjectWr">
<FontObject>
<foType>Text</foType>
<colorRGB>-16777216</colorRGB>
</FontObject>
</fonts>
</sourceLabel>
<points>
<point x="255" y="416"/>
<point x="255" y="511"/>
<point x="707" y="510"/>
<point x="707" y="720"/>
</points>
</Connector>
<Connector class="oracle.dbtools.crest.swingui.logical.TVInheritanceRelation" oid="3DC9B795-B694-57EE-4846-977FAF6263F1" otype="Hierarchy relation" vid_source="34B3AFE9-6BDA-049C-16D0-1431F455F2B9" vid_target="CFBFDDA4-1A1B-DD39-A92C-B76FB3D3419D">
<hideElementsInCurrentOnly>false</hideElementsInCurrentOnly>
<lineWidth>1</lineWidth>
</Connector>
<Connector class="oracle.dbtools.crest.swingui.logical.TVRelation" oid="4AB4E3B9-7187-E22D-291E-27DDE751555C" otype="Relation" vid_source="6C2F35F8-6660-A118-CFBE-EA21BD878A08" vid_target="E4540235-A256-7AA0-0B02-892C460183D2">
<hideElementsInCurrentOnly>false</hideElementsInCurrentOnly>
<lineWidth>1</lineWidth>
<points>
<point x="860" y="451"/>
<point x="860" y="537"/>
</points>
</Connector>
<Connector class="oracle.dbtools.crest.swingui.logical.TVRelation" oid="5AB4B013-F9DB-685E-4BC0-DE6F55369F10" otype="Relation" vid_source="90DC2483-E0EF-343F-5CF3-E139099AD85E" vid_target="34B3AFE9-6BDA-049C-16D0-1431F455F2B9">
<hideElementsInCurrentOnly>false</hideElementsInCurrentOnly>
<lineWidth>1</lineWidth>
<sourceLabel class="oracle.dbtools.crest.model.design.Label">
<site>0</site>
<labelBounds x="608" y="768" width="48" height="18"/>
<fonts itemClass="oracle.dbtools.crest.model.design.FontObjectWr">
<FontObject>
<foType>Text</foType>
<colorRGB>-16777216</colorRGB>
</FontObject>
</fonts>
</sourceLabel>
<targetLabel class="oracle.dbtools.crest.model.design.Label">
<site>2</site>
<labelBounds x="454" y="768" width="35" height="15"/>
<fonts itemClass="oracle.dbtools.crest.model.design.FontObjectWr">
<FontObject>
<foType>Text</foType>
<colorRGB>-16777216</colorRGB>
</FontObject>
</fonts>
</targetLabel>
<points>
<point x="679" y="765"/>
<point x="395" y="765"/>
</points>
</Connector>
<Connector class="oracle.dbtools.crest.swingui.logical.TVInheritanceRelation" oid="5AC5A5B1-C78D-F4EF-D6F8-108260B9DD64" otype="Hierarchy relation" vid_source="34B3AFE9-6BDA-049C-16D0-1431F455F2B9" vid_target="A2C80736-F9EC-4008-770E-98CDEC5F394F">
<hideElementsInCurrentOnly>false</hideElementsInCurrentOnly>
<lineWidth>1</lineWidth>
</Connector>
<Connector class="oracle.dbtools.crest.swingui.logical.TVInheritanceRelation" oid="611C7437-5FE8-67DB-28FE-0A098BD2BB0F" otype="Hierarchy relation" vid_source="34B3AFE9-6BDA-049C-16D0-1431F455F2B9" vid_target="218D84AA-F9FB-1B6A-079E-6ECAFE19077F">
<hideElementsInCurrentOnly>false</hideElementsInCurrentOnly>
<lineWidth>1</lineWidth>
</Connector>
<Connector class="oracle.dbtools.crest.swingui.logical.TVInheritanceRelation" oid="6692C9FB-6A6F-C3EF-6B0E-8713078D33C1" otype="Hierarchy relation" vid_source="34B3AFE9-6BDA-049C-16D0-1431F455F2B9" vid_target="6D797185-9104-887E-1843-99A1091E3E6B">
<hideElementsInCurrentOnly>false</hideElementsInCurrentOnly>
<lineWidth>1</lineWidth>
</Connector>
<Connector class="oracle.dbtools.crest.swingui.logical.TVRelation" oid="76C720D2-9C29-1BAA-7165-C5C1E52B1B34" otype="Relation" vid_source="90DC2483-E0EF-343F-5CF3-E139099AD85E" vid_target="E4540235-A256-7AA0-0B02-892C460183D2">
<hideElementsInCurrentOnly>false</hideElementsInCurrentOnly>
<lineWidth>1</lineWidth>
<points>
<point x="812" y="720"/>
<point x="812" y="652"/>
</points>
</Connector>
<Connector class="oracle.dbtools.crest.swingui.logical.TVRelation" oid="7D5A0E2E-B303-D134-F9AF-003D8C75731C" otype="Relation" vid_source="4C679CDD-A47C-DBB4-E8C7-BAF42A0CA9E3" vid_target="20A3B378-E357-DA09-2EF4-B0559B245BE2">
<hideElementsInCurrentOnly>false</hideElementsInCurrentOnly>
<lineWidth>1</lineWidth>
<points>
<point x="338" y="373"/>
<point x="451" y="373"/>
</points>
</Connector>
<Connector class="oracle.dbtools.crest.swingui.logical.TVRelation" oid="80ADB579-CFDD-17CA-F2C8-6D71B7291948" otype="Relation" vid_source="6C2F35F8-6660-A118-CFBE-EA21BD878A08" vid_target="20A3B378-E357-DA09-2EF4-B0559B245BE2">
<hideElementsInCurrentOnly>false</hideElementsInCurrentOnly>
<lineWidth>1</lineWidth>
<points>
<point x="739" y="408"/>
<point x="621" y="408"/>
</points>
</Connector>
<Connector class="oracle.dbtools.crest.swingui.logical.TVRelation" oid="91F16298-F37A-E37D-0B91-6010CFDDF9A4" otype="Relation" vid_source="9C4025F3-9823-BA2C-29CA-790936AF1F80" vid_target="6516404B-3849-54B2-04D0-15467461DB7B">
<hideElementsInCurrentOnly>false</hideElementsInCurrentOnly>
<lineWidth>1</lineWidth>
<points>
<point x="620" y="199"/>
<point x="620" y="254"/>
<point x="756" y="254"/>
</points>
</Connector>
<Connector class="oracle.dbtools.crest.swingui.logical.TVRelation" oid="A1E3E06E-4F51-DA03-CF33-9774FB3F4EF8" otype="Relation" vid_source="6C2F35F8-6660-A118-CFBE-EA21BD878A08" vid_target="6516404B-3849-54B2-04D0-15467461DB7B">
<hideElementsInCurrentOnly>false</hideElementsInCurrentOnly>
<lineWidth>1</lineWidth>
<points>
<point x="841" y="371"/>
<point x="841" y="309"/>
</points>
</Connector>
<Connector class="oracle.dbtools.crest.swingui.logical.TVRelation" oid="A25A720E-AEFF-3D97-CA39-CAD70BD007B2" otype="Relation" vid_source="9C4025F3-9823-BA2C-29CA-790936AF1F80" vid_target="09145217-E526-9D94-76CB-B96515D438C2">
<hideElementsInCurrentOnly>false</hideElementsInCurrentOnly>
<lineWidth>1</lineWidth>
<points>
<point x="504" y="135"/>
<point x="306" y="135"/>
</points>
</Connector>
<Connector class="oracle.dbtools.crest.swingui.logical.TVInheritanceRelation" oid="CDAAED2F-915F-C602-F852-23DA7D104DD8" otype="Hierarchy relation" vid_source="34B3AFE9-6BDA-049C-16D0-1431F455F2B9" vid_target="73B3CD96-FF9B-1A56-8065-25CE24CA21CA">
<hideElementsInCurrentOnly>false</hideElementsInCurrentOnly>
<lineWidth>1</lineWidth>
</Connector>
<Connector class="oracle.dbtools.crest.swingui.logical.TVInheritanceRelation" oid="D5B876FA-850C-7C56-EB7F-D2EFC8A70C16" otype="Hierarchy relation" vid_source="34B3AFE9-6BDA-049C-16D0-1431F455F2B9" vid_target="B0A03C44-1536-B7ED-3250-7DE82A7119AB">
<hideElementsInCurrentOnly>false</hideElementsInCurrentOnly>
<lineWidth>1</lineWidth>
</Connector>
<Connector class="oracle.dbtools.crest.swingui.logical.TVRelation" oid="E9370ECE-1139-A04B-782F-6AEF034A33AF" otype="Relation" vid_source="4C679CDD-A47C-DBB4-E8C7-BAF42A0CA9E3" vid_target="09145217-E526-9D94-76CB-B96515D438C2">
<hideElementsInCurrentOnly>false</hideElementsInCurrentOnly>
<lineWidth>1</lineWidth>
<points>
<point x="221" y="317"/>
<point x="221" y="192"/>
</points>
</Connector>
<Connector class="oracle.dbtools.crest.swingui.logical.TVRelation" oid="FBF2192C-C692-E3A8-28A4-F046BD8727C6" otype="Relation" vid_source="6C2F35F8-6660-A118-CFBE-EA21BD878A08" vid_target="94FF3247-A34B-0654-99F7-90B506C7253F">
<hideElementsInCurrentOnly>false</hideElementsInCurrentOnly>
<lineWidth>1</lineWidth>
<sourceLabel class="oracle.dbtools.crest.model.design.Label">
<site>0</site>
<labelBounds x="970" y="419" width="74" height="25"/>
<fonts itemClass="oracle.dbtools.crest.model.design.FontObjectWr">
<FontObject>
<foType>Text</foType>
<colorRGB>-16777216</colorRGB>
</FontObject>
</fonts>
</sourceLabel>
<targetLabel class="oracle.dbtools.crest.model.design.Label">
<site>2</site>
<labelBounds x="1063" y="486" width="71" height="17"/>
<fonts itemClass="oracle.dbtools.crest.model.design.FontObjectWr">
<FontObject>
<foType>Text</foType>
<colorRGB>-16777216</colorRGB>
</FontObject>
</fonts>
</targetLabel>
<points>
<point x="935" y="416"/>
<point x="1075" y="416"/>
<point x="1075" y="505"/>
</points>
</Connector>
</connectors>
</Diagram>