<?xml version = '1.0' encoding = 'UTF-8'?>
<FKArc class="oracle.dbtools.crest.model.design.relational.FKArc" directorySegmentName="seg_0" id="07A004D3-2476-4CAC-4D99-74E4786FF62B" name="FKArc_1">
<createdBy>mannannlegur</createdBy>
<createdTime>2016-05-10 22:05:31 UTC</createdTime>
<ownerDesignName>MusicWorld</ownerDesignName>
<mandatory>false</mandatory>
<reverseArc>true</reverseArc>
<table>37400FB4-7032-714F-9A84-860F75DB9117</table>
<discriminatorColumn>A337520A-5877-D2DF-E149-2B47693ACCEE</discriminatorColumn>
<fkeys>
<fkeyID>3A6E4670-6CA8-C302-1435-54B68C8BED5B</fkeyID>
<fkeyID>91BD1E5D-8D22-779F-D96B-42CA51539AF8</fkeyID>
<fkeyID>8F0BBD9E-6CD2-5B8F-00BE-34D408FA00E4</fkeyID>
<fkeyID>F63641E1-D674-8F7C-596F-039DC3BFEEFB</fkeyID>
<fkeyID>929D7AF0-F50B-CDA5-06B2-B601A77B6506</fkeyID>
<fkeyID>D505EC6F-C967-FE31-B0E0-7B938A87573F</fkeyID>
<fkeyID>4B5FB77D-340F-3CC0-3C5C-DEA42D651AA1</fkeyID>
</fkeys>
</FKArc>