<?xml version = '1.0' encoding = 'UTF-8'?>
<Diagram class="oracle.dbtools.crest.swingui.relational.DPVRelational" name="Relational" id="8B175DA7-AD20-EA6A-D835-19A0E1C32551">
<createdBy>mannannlegur</createdBy>
<modifiedBy>mannannlegur</modifiedBy>
<createdTime>2016-05-10 22:05:26 UTC</createdTime>
<autoRoute>false</autoRoute>
<boxInbox>true</boxInbox>
<showLegend>false</showLegend>
<showLabels>false</showLabels>
<showRelAttributes>false</showRelAttributes>
<gridEnabled>false</gridEnabled>
<showGrid>false</showGrid>
<diagramColor>-1</diagramColor>
<display>false</display>
<notation>1</notation>
<objectViews>
<OView class="oracle.dbtools.crest.swingui.relational.TVTable" oid="0432E36C-01C1-9EC9-2E2A-169E5C77D7BB" otype="Table" vid="79CEE3D9-767D-C1B7-B491-8EDAA02157F2">
<hideElementsInCurrentOnly>false</hideElementsInCurrentOnly>
<bounds x="678" y="279" width="215" height="117"/>
</OView>
<OView class="oracle.dbtools.crest.swingui.relational.TVTable" oid="106B0D53-AFB8-BB08-0591-A158A6DDCD95" otype="Table" vid="39CA5BF4-D982-4949-7B16-72B9E15B5C24">
<hideElementsInCurrentOnly>false</hideElementsInCurrentOnly>
<bounds x="42" y="456" width="269" height="93"/>
</OView>
<OView class="oracle.dbtools.crest.swingui.relational.TVTable" oid="18AE1860-E3DB-31D3-38E9-2249ED7BF3D0" otype="Table" vid="E14FFF39-99BB-0AC4-85D8-D27EFAD63F66">
<hideElementsInCurrentOnly>false</hideElementsInCurrentOnly>
<bounds x="969" y="671" width="196" height="99"/>
</OView>
<OView class="oracle.dbtools.crest.swingui.relational.TVTable" oid="24C297E1-D2CE-C695-790A-DBC5BD12E60D" otype="Table" vid="29A6D431-B468-0623-1F56-1112A8DCB608">
<hideElementsInCurrentOnly>false</hideElementsInCurrentOnly>
<bounds x="31" y="568" width="277" height="90"/>
</OView>
<OView class="oracle.dbtools.crest.swingui.relational.TVTable" oid="37400FB4-7032-714F-9A84-860F75DB9117" otype="Table" vid="DE2D535D-1309-DA63-7980-89618E7B32E7">
<hideElementsInCurrentOnly>false</hideElementsInCurrentOnly>
<bounds x="383" y="517" width="302" height="286"/>
</OView>
<OView class="oracle.dbtools.crest.swingui.relational.TVTable" oid="61B30A78-505B-EC04-1259-22E04B19E524" otype="Table" vid="9A3E69FF-E61C-8231-E930-88903C948023">
<hideElementsInCurrentOnly>false</hideElementsInCurrentOnly>
<bounds x="621" y="872" width="265" height="93"/>
</OView>
<OView class="oracle.dbtools.crest.swingui.relational.TVTable" oid="750D9559-61F2-1610-1985-D76903CF1E05" otype="Table" vid="32E452F1-DA36-F520-310B-215FAB484036">
<hideElementsInCurrentOnly>false</hideElementsInCurrentOnly>
<bounds x="40" y="328" width="261" height="106"/>
</OView>
<OView class="oracle.dbtools.crest.swingui.relational.TVTable" oid="7E3E5540-BE83-8A92-7B41-58E399294999" otype="Table" vid="6351FD05-64DF-9C52-5AD0-8EED4B2A8828">
<hideElementsInCurrentOnly>false</hideElementsInCurrentOnly>
<bounds x="318" y="63" width="413" height="130"/>
</OView>
<OView class="oracle.dbtools.crest.swingui.relational.TVTable" oid="88ADAA28-2550-5794-4386-D57B27CCD29F" otype="Table" vid="66FDD80B-BBDB-27D0-B5CA-ECEA54C0825B">
<hideElementsInCurrentOnly>false</hideElementsInCurrentOnly>
<bounds x="358" y="268" width="203" height="115"/>
</OView>
<OView class="oracle.dbtools.crest.swingui.relational.TVTable" oid="9C714D3E-8CD4-AB13-1074-7D94F368276E" otype="Table" vid="C7861831-1835-7F19-988D-0ECE06BD9E16">
<hideElementsInCurrentOnly>false</hideElementsInCurrentOnly>
<bounds x="52" y="807" width="271" height="98"/>
</OView>
<OView class="oracle.dbtools.crest.swingui.relational.TVTable" oid="AEE415C5-3BDF-228E-0CCB-79D9597E81E8" otype="Table" vid="5B80A484-952D-BD68-52EC-3F0A0E1FDD1A">
<hideElementsInCurrentOnly>false</hideElementsInCurrentOnly>
<bounds x="1130" y="144" width="430" height="126"/>
</OView>
<OView class="oracle.dbtools.crest.swingui.relational.TVTable" oid="C6C5774A-7174-4168-FCA2-58279934117A" otype="Table" vid="AD7D8EE4-174B-BBB8-C165-EB3CA51E6BF2">
<hideElementsInCurrentOnly>false</hideElementsInCurrentOnly>
<bounds x="339" y="868" width="267" height="98"/>
</OView>
<OView class="oracle.dbtools.crest.swingui.relational.TVTable" oid="D862732F-BDA7-1AB2-FE03-77D7FA758AB4" otype="Table" vid="1CA3F194-F0FD-D80D-D8FA-88A3C408DE9E">
<hideElementsInCurrentOnly>false</hideElementsInCurrentOnly>
<bounds x="1029" y="322" width="219" height="104"/>
</OView>
<OView class="oracle.dbtools.crest.swingui.relational.TVTable" oid="D8A595EB-BFC8-99C8-C0A0-2189BEE237C3" otype="Table" vid="987E1A52-A601-0365-4626-DD8D22FD44B4">
<hideElementsInCurrentOnly>false</hideElementsInCurrentOnly>
<bounds x="1075" y="488" width="255" height="113"/>
</OView>
<OView class="oracle.dbtools.crest.swingui.relational.TVTable" oid="E2A41DA9-A92F-3FF5-378C-FA27466D0781" otype="Table" vid="435B5B8E-7280-EE70-E131-F6B4B0CC38C7">
<hideElementsInCurrentOnly>false</hideElementsInCurrentOnly>
<bounds x="1381" y="310" width="259" height="135"/>
</OView>
<OView class="oracle.dbtools.crest.swingui.relational.TVTable" oid="E6CCB5B2-DE0D-FF78-7BD7-4FC7CB64CDA3" otype="Table" vid="9C298B2C-4A22-7BA0-B721-D5C3E21DE2D2">
<hideElementsInCurrentOnly>false</hideElementsInCurrentOnly>
<bounds x="811" y="28" width="268" height="136"/>
</OView>
<OView class="oracle.dbtools.crest.swingui.relational.TVTable" oid="EE52D324-68EE-070D-306B-3C6BE2E32190" otype="Table" vid="38E5866B-A102-7C1E-17AE-5C3F66631B12">
<hideElementsInCurrentOnly>false</hideElementsInCurrentOnly>
<bounds x="1258" y="22" width="252" height="106"/>
</OView>
<OView class="oracle.dbtools.crest.swingui.relational.TVTable" oid="F5B301F6-0A79-6336-15B5-E284CC414A5E" otype="Table" vid="F0373651-5028-BA6C-A540-D28F675CC333">
<hideElementsInCurrentOnly>false</hideElementsInCurrentOnly>
<bounds x="31" y="673" width="260" height="96"/>
</OView>
</objectViews>
<connectors>
<Connector class="oracle.dbtools.crest.swingui.relational.TVFKRelation" oid="164F5B02-F742-91B5-E7D9-0240495C7531" otype="FKIndexAssociation" vid_source="38E5866B-A102-7C1E-17AE-5C3F66631B12" vid_target="9C298B2C-4A22-7BA0-B721-D5C3E21DE2D2">
<hideElementsInCurrentOnly>false</hideElementsInCurrentOnly>
<lineWidth>1</lineWidth>
<points>
<point x="1258" y="69"/>
<point x="965" y="69"/>
<point x="965" y="28"/>
</points>
</Connector>
<Connector class="oracle.dbtools.crest.swingui.relational.TVFKRelation" oid="33A5D76F-62BD-2488-0119-C22E929E2914" otype="FKIndexAssociation" vid_source="9C298B2C-4A22-7BA0-B721-D5C3E21DE2D2" vid_target="5B80A484-952D-BD68-52EC-3F0A0E1FDD1A">
<hideElementsInCurrentOnly>false</hideElementsInCurrentOnly>
<lineWidth>1</lineWidth>
<points>
<point x="910" y="164"/>
<point x="910" y="206"/>
<point x="1130" y="206"/>
</points>
</Connector>
<Connector class="oracle.dbtools.crest.swingui.relational.TVFKRelation" oid="3A6E4670-6CA8-C302-1435-54B68C8BED5B" otype="FKIndexAssociation" vid_source="DE2D535D-1309-DA63-7980-89618E7B32E7" vid_target="C7861831-1835-7F19-988D-0ECE06BD9E16">
<hideElementsInCurrentOnly>false</hideElementsInCurrentOnly>
<lineWidth>1</lineWidth>
<points>
<point x="383" y="749"/>
<point x="309" y="749"/>
<point x="309" y="807"/>
</points>
</Connector>
<Connector class="oracle.dbtools.crest.swingui.relational.TVFKRelation" oid="47E032FB-1A0B-032C-C287-3271BEE6CE41" otype="FKIndexAssociation" vid_source="66FDD80B-BBDB-27D0-B5CA-ECEA54C0825B" vid_target="79CEE3D9-767D-C1B7-B491-8EDAA02157F2">
<hideElementsInCurrentOnly>false</hideElementsInCurrentOnly>
<lineWidth>1</lineWidth>
<points>
<point x="561" y="331"/>
<point x="678" y="331"/>
</points>
</Connector>
<Connector class="oracle.dbtools.crest.swingui.relational.TVFKRelation" oid="4B5FB77D-340F-3CC0-3C5C-DEA42D651AA1" otype="FKIndexAssociation" vid_source="DE2D535D-1309-DA63-7980-89618E7B32E7" vid_target="39CA5BF4-D982-4949-7B16-72B9E15B5C24">
<hideElementsInCurrentOnly>false</hideElementsInCurrentOnly>
<lineWidth>1</lineWidth>
<points>
<point x="383" y="533"/>
<point x="311" y="533"/>
</points>
</Connector>
<Connector class="oracle.dbtools.crest.swingui.relational.TVFKRelation" oid="4E863781-7D4E-A5C7-22B0-88930C54C580" otype="FKIndexAssociation" vid_source="66FDD80B-BBDB-27D0-B5CA-ECEA54C0825B" vid_target="6351FD05-64DF-9C52-5AD0-8EED4B2A8828">
<hideElementsInCurrentOnly>false</hideElementsInCurrentOnly>
<lineWidth>1</lineWidth>
<points>
<point x="459" y="268"/>
<point x="459" y="193"/>
</points>
</Connector>
<Connector class="oracle.dbtools.crest.swingui.relational.TVFKRelation" oid="681EC87D-58B1-EBC6-AE0A-430D16081703" otype="FKIndexAssociation" vid_source="E14FFF39-99BB-0AC4-85D8-D27EFAD63F66" vid_target="987E1A52-A601-0365-4626-DD8D22FD44B4">
<hideElementsInCurrentOnly>false</hideElementsInCurrentOnly>
<lineWidth>1</lineWidth>
<points>
<point x="1120" y="671"/>
<point x="1120" y="601"/>
</points>
</Connector>
<Connector class="oracle.dbtools.crest.swingui.relational.TVFKRelation" oid="6B0DAA22-485C-30C4-3FDA-4513E315CA5D" otype="FKIndexAssociation" vid_source="1CA3F194-F0FD-D80D-D8FA-88A3C408DE9E" vid_target="79CEE3D9-767D-C1B7-B491-8EDAA02157F2">
<hideElementsInCurrentOnly>false</hideElementsInCurrentOnly>
<lineWidth>1</lineWidth>
<points>
<point x="1029" y="359"/>
<point x="893" y="359"/>
</points>
</Connector>
<Connector class="oracle.dbtools.crest.swingui.relational.TVFKRelation" oid="785951F4-DE52-11FF-52E2-A2A9ECA97D51" otype="FKIndexAssociation" vid_source="E14FFF39-99BB-0AC4-85D8-D27EFAD63F66" vid_target="DE2D535D-1309-DA63-7980-89618E7B32E7">
<hideElementsInCurrentOnly>false</hideElementsInCurrentOnly>
<lineWidth>1</lineWidth>
<points>
<point x="969" y="710"/>
<point x="685" y="710"/>
</points>
</Connector>
<Connector class="oracle.dbtools.crest.swingui.relational.TVFKRelation" oid="84D9E845-BC51-6AAA-687E-50D9956354E3" otype="FKIndexAssociation" vid_source="9C298B2C-4A22-7BA0-B721-D5C3E21DE2D2" vid_target="6351FD05-64DF-9C52-5AD0-8EED4B2A8828">
<hideElementsInCurrentOnly>false</hideElementsInCurrentOnly>
<lineWidth>1</lineWidth>
<points>
<point x="811" y="113"/>
<point x="731" y="113"/>
</points>
</Connector>
<Connector class="oracle.dbtools.crest.swingui.relational.TVFKRelation" oid="8C5100E0-76EA-BC08-45E6-8507BA76D3F0" otype="FKIndexAssociation" vid_source="1CA3F194-F0FD-D80D-D8FA-88A3C408DE9E" vid_target="5B80A484-952D-BD68-52EC-3F0A0E1FDD1A">
<hideElementsInCurrentOnly>false</hideElementsInCurrentOnly>
<lineWidth>1</lineWidth>
<points>
<point x="1189" y="322"/>
<point x="1189" y="270"/>
</points>
</Connector>
<Connector class="oracle.dbtools.crest.swingui.relational.TVFKRelation" oid="8F0BBD9E-6CD2-5B8F-00BE-34D408FA00E4" otype="FKIndexAssociation" vid_source="DE2D535D-1309-DA63-7980-89618E7B32E7" vid_target="AD7D8EE4-174B-BBB8-C165-EB3CA51E6BF2">
<hideElementsInCurrentOnly>false</hideElementsInCurrentOnly>
<lineWidth>1</lineWidth>
<points>
<point x="494" y="803"/>
<point x="494" y="868"/>
</points>
</Connector>
<Connector class="oracle.dbtools.crest.swingui.relational.TVFKRelation" oid="91BD1E5D-8D22-779F-D96B-42CA51539AF8" otype="FKIndexAssociation" vid_source="DE2D535D-1309-DA63-7980-89618E7B32E7" vid_target="9A3E69FF-E61C-8231-E930-88903C948023">
<hideElementsInCurrentOnly>false</hideElementsInCurrentOnly>
<lineWidth>1</lineWidth>
<points>
<point x="653" y="803"/>
<point x="653" y="872"/>
</points>
</Connector>
<Connector class="oracle.dbtools.crest.swingui.relational.TVFKRelation" oid="929D7AF0-F50B-CDA5-06B2-B601A77B6506" otype="FKIndexAssociation" vid_source="DE2D535D-1309-DA63-7980-89618E7B32E7" vid_target="29A6D431-B468-0623-1F56-1112A8DCB608">
<hideElementsInCurrentOnly>false</hideElementsInCurrentOnly>
<lineWidth>1</lineWidth>
<points>
<point x="383" y="613"/>
<point x="308" y="613"/>
</points>
</Connector>
<Connector class="oracle.dbtools.crest.swingui.relational.TVFKRelation" oid="AD2CBC49-0EAF-F33B-FF0F-68A94BC8C980" otype="FKIndexAssociation" vid_source="66FDD80B-BBDB-27D0-B5CA-ECEA54C0825B" vid_target="E14FFF39-99BB-0AC4-85D8-D27EFAD63F66">
<hideElementsInCurrentOnly>false</hideElementsInCurrentOnly>
<lineWidth>1</lineWidth>
<points>
<point x="545" y="383"/>
<point x="545" y="463"/>
<point x="997" y="462"/>
<point x="997" y="671"/>
</points>
</Connector>
<Connector class="oracle.dbtools.crest.swingui.relational.TVFKRelation" oid="D505EC6F-C967-FE31-B0E0-7B938A87573F" otype="FKIndexAssociation" vid_source="DE2D535D-1309-DA63-7980-89618E7B32E7" vid_target="F0373651-5028-BA6C-A540-D28F675CC333">
<hideElementsInCurrentOnly>false</hideElementsInCurrentOnly>
<lineWidth>1</lineWidth>
<points>
<point x="383" y="721"/>
<point x="291" y="721"/>
</points>
</Connector>
<Connector class="oracle.dbtools.crest.swingui.relational.TVFKRelation" oid="E8EC8DE0-4F2F-553F-27D8-A7F5B41C9364" otype="FKIndexAssociation" vid_source="1CA3F194-F0FD-D80D-D8FA-88A3C408DE9E" vid_target="435B5B8E-7280-EE70-E131-F6B4B0CC38C7">
<hideElementsInCurrentOnly>false</hideElementsInCurrentOnly>
<lineWidth>1</lineWidth>
<points>
<point x="1248" y="374"/>
<point x="1381" y="374"/>
</points>
</Connector>
<Connector class="oracle.dbtools.crest.swingui.relational.TVFKRelation" oid="EC544BC4-B3CB-9A8C-3744-076921924B87" otype="FKIndexAssociation" vid_source="1CA3F194-F0FD-D80D-D8FA-88A3C408DE9E" vid_target="987E1A52-A601-0365-4626-DD8D22FD44B4">
<hideElementsInCurrentOnly>false</hideElementsInCurrentOnly>
<lineWidth>1</lineWidth>
<points>
<point x="1161" y="426"/>
<point x="1161" y="488"/>
</points>
</Connector>
<Connector class="oracle.dbtools.crest.swingui.relational.TVFKRelation" oid="F63641E1-D674-8F7C-596F-039DC3BFEEFB" otype="FKIndexAssociation" vid_source="DE2D535D-1309-DA63-7980-89618E7B32E7" vid_target="32E452F1-DA36-F520-310B-215FAB484036">
<hideElementsInCurrentOnly>false</hideElementsInCurrentOnly>
<lineWidth>1</lineWidth>
<points>
<point x="402" y="517"/>
<point x="402" y="418"/>
<point x="301" y="418"/>
</points>
</Connector>
</connectors>
<arcs>
<Arc class="oracle.dbtools.crest.swingui.relational.TVFKArc" oid="07A004D3-2476-4CAC-4D99-74E4786FF62B" otype="FKArc" vid="7110D971-8332-99CA-630F-58158139F0EE">
<hideElementsInCurrentOnly>false</hideElementsInCurrentOnly>
<bounds x="363" y="497" width="342" height="326"/>
</Arc>
</arcs>
</Diagram>