<?xml version = '1.0' encoding = 'UTF-8'?>
<Diagram class="oracle.dbtools.crest.swingui.relational.DPVRelationalSubView" name="From_LM_Logical - SubView_1" id="A263379A-ED77-9E3B-ADBF-D6746FB0E929">
<createdBy>mannannlegur</createdBy>
<modifiedBy>mannannlegur</modifiedBy>
<createdTime>2016-05-10 22:05:31 UTC</createdTime>
<autoRoute>false</autoRoute>
<boxInbox>true</boxInbox>
<showLegend>false</showLegend>
<showLabels>false</showLabels>
<showRelAttributes>false</showRelAttributes>
<gridEnabled>false</gridEnabled>
<showGrid>false</showGrid>
<diagramColor>-1</diagramColor>
<display>false</display>
<generatorId>688C9794-2AFC-CA06-C3BB-36FAC73424FF</generatorId>
<notation>1</notation>
</Diagram>