<?xml version = '1.0' encoding = 'UTF-8'?>
<Table class="oracle.dbtools.crest.model.design.relational.Table" directorySegmentName="seg_0" id="0432E36C-01C1-9EC9-2E2A-169E5C77D7BB" name="IS_FAN">
<createdBy>mannannlegur</createdBy>
<createdTime>2016-05-10 22:05:31 UTC</createdTime>
<generatorID>F17AF1DD-6665-2A88-C7E0-718948C6FC3C</generatorID>
<ownerDesignName>MusicWorld</ownerDesignName>
<allowColumnReorder>false</allowColumnReorder>
<existDependencyGenerateInDDl>true</existDependencyGenerateInDDl>
<parsed>true</parsed>
<columns itemClass="oracle.dbtools.crest.model.design.relational.Column">
<Column name="FAN_FAN_ID" id="C82521E8-EEF8-D8FC-8688-2A40DA38D6E6">
<createdBy>mannannlegur</createdBy>
<createdTime>2016-05-10 22:05:31 UTC</createdTime>
<generatorID>E9224BE0-D9D6-0B16-3C69-B7F29877608D</generatorID>
<ownerDesignName>MusicWorld</ownerDesignName>
<useDomainConstraints>false</useDomainConstraints>
<use>1</use>
<logicalDatatype>LOGDT011</logicalDatatype>
<ownDataTypeParameters>,,</ownDataTypeParameters>
<previousColumn>false</previousColumn>
<autoIncrementCycle>false</autoIncrementCycle>
<associations>
<colAssociation fkAssociation="47E032FB-1A0B-032C-C287-3271BEE6CE41" referredColumn="39CF469D-EA21-5832-F224-6D4B26F68FF4"/>
</associations>
</Column>
<Column name="BAND_NAME" id="7929D3CB-CA42-4D60-9EB2-BF172CAB522D">
<createdBy>mannannlegur</createdBy>
<createdTime>2016-05-10 22:05:31 UTC</createdTime>
<generatorID>19F709F2-3285-A4C7-C27B-58D8BCC900CA</generatorID>
<ownerDesignName>MusicWorld</ownerDesignName>
<useDomainConstraints>false</useDomainConstraints>
<use>1</use>
<logicalDatatype>LOGDT025</logicalDatatype>
<dataTypeSize>50 CHAR</dataTypeSize>
<ownDataTypeParameters>,,</ownDataTypeParameters>
<previousColumn>false</previousColumn>
<autoIncrementCycle>false</autoIncrementCycle>
<associations>
<colAssociation fkAssociation="6B0DAA22-485C-30C4-3FDA-4513E315CA5D" referredColumn="F22D936F-F385-4221-D521-C522AA397012"/>
</associations>
</Column>
</columns>
<indexes itemClass="oracle.dbtools.crest.model.design.relational.Index">
<ind_PK_UK id="BA1F3098-02BF-1938-F304-058B2AB17307" name="IS_FAN_PK">
<createdBy>mannannlegur</createdBy>
<createdTime>2016-05-10 22:05:31 UTC</createdTime>
<generatorID>547B1F0A-F61A-02B9-1497-D63F07A1822F</generatorID>
<ownerDesignName>MusicWorld</ownerDesignName>
<pk>true</pk>
<indexState>Primary Constraint</indexState>
<isSurrogateKey>false</isSurrogateKey>
<indexColumnUsage>
<colUsage columnID="C82521E8-EEF8-D8FC-8688-2A40DA38D6E6"/>
<colUsage columnID="7929D3CB-CA42-4D60-9EB2-BF172CAB522D"/>
</indexColumnUsage>
</ind_PK_UK>
<ind_PK_UK id="A371075F-39A3-F937-2495-5127E02DBCCA" name="IS_FAN_FAN_FK">
<createdBy>mannannlegur</createdBy>
<createdTime>2016-05-10 22:05:31 UTC</createdTime>
<generatorID>7D5A0E2E-B303-D134-F9AF-003D8C75731C</generatorID>
<ownerDesignName>MusicWorld</ownerDesignName>
<indexState>Foreign Key</indexState>
<isSurrogateKey>false</isSurrogateKey>
<indexColumnUsage>
<colUsage columnID="C82521E8-EEF8-D8FC-8688-2A40DA38D6E6"/>
</indexColumnUsage>
</ind_PK_UK>
<ind_PK_UK id="C7842354-A129-F5EC-D071-71AE053D7C0C" name="IS_FAN_BAND_FK">
<createdBy>mannannlegur</createdBy>
<createdTime>2016-05-10 22:05:31 UTC</createdTime>
<generatorID>80ADB579-CFDD-17CA-F2C8-6D71B7291948</generatorID>
<ownerDesignName>MusicWorld</ownerDesignName>
<indexState>Foreign Key</indexState>
<isSurrogateKey>false</isSurrogateKey>
<indexColumnUsage>
<colUsage columnID="7929D3CB-CA42-4D60-9EB2-BF172CAB522D"/>
</indexColumnUsage>
</ind_PK_UK>
</indexes>
</Table>