<?xml version = '1.0' encoding = 'UTF-8'?>
<Table class="oracle.dbtools.crest.model.design.relational.Table" directorySegmentName="seg_0" id="106B0D53-AFB8-BB08-0591-A158A6DDCD95" name="OTHER">
<createdBy>mannannlegur</createdBy>
<createdTime>2016-05-10 22:05:31 UTC</createdTime>
<generatorID>4FAA5706-4C44-73EB-44D4-91A8AAF5EE0A</generatorID>
<ownerDesignName>MusicWorld</ownerDesignName>
<allowColumnReorder>false</allowColumnReorder>
<existDependencyGenerateInDDl>true</existDependencyGenerateInDDl>
<parsed>true</parsed>
<columns itemClass="oracle.dbtools.crest.model.design.relational.Column">
<Column name="INSTRUMENT_INS_ID" id="8BE4F545-7215-1746-DABA-34898E406BBC">
<createdBy>mannannlegur</createdBy>
<createdTime>2016-05-10 22:05:31 UTC</createdTime>
<generatorID>BCB0B542-2FA4-2C5A-3E68-DFB69FCA7CEB</generatorID>
<ownerDesignName>MusicWorld</ownerDesignName>
<useDomainConstraints>false</useDomainConstraints>
<use>1</use>
<logicalDatatype>LOGDT011</logicalDatatype>
<ownDataTypeParameters>,,</ownDataTypeParameters>
<autoIncrementCycle>false</autoIncrementCycle>
<associations>
<colAssociation fkAssociation="4B5FB77D-340F-3CC0-3C5C-DEA42D651AA1" referredColumn="04FD416E-1706-D3F9-0E43-BCE75875B2B8"/>
</associations>
</Column>
<Column name="INSTRUMENT_NAME" id="A31019B2-C00B-1DB5-F20D-90962EE97799">
<createdBy>mannannlegur</createdBy>
<createdTime>2016-05-10 22:05:31 UTC</createdTime>
<generatorID>8AF8F8D9-67BE-5C52-FC01-9597FA502E29</generatorID>
<ownerDesignName>MusicWorld</ownerDesignName>
<useDomainConstraints>false</useDomainConstraints>
<use>1</use>
<logicalDatatype>LOGDT024</logicalDatatype>
<dataTypeSize>50 CHAR</dataTypeSize>
<ownDataTypeParameters>50 CHAR,,</ownDataTypeParameters>
<autoIncrementCycle>false</autoIncrementCycle>
</Column>
</columns>
<indexes itemClass="oracle.dbtools.crest.model.design.relational.Index">
<ind_PK_UK id="FEA44A35-1D09-260C-A212-26AF847078EC" name="OTHER_PK">
<createdBy>mannannlegur</createdBy>
<createdTime>2016-05-10 22:05:31 UTC</createdTime>
<generatorID>4F7EB014-BF3B-B1D9-9B6B-A55D9059D46C</generatorID>
<ownerDesignName>MusicWorld</ownerDesignName>
<pk>true</pk>
<indexState>Primary Constraint</indexState>
<isSurrogateKey>false</isSurrogateKey>
<indexColumnUsage>
<colUsage columnID="8BE4F545-7215-1746-DABA-34898E406BBC"/>
</indexColumnUsage>
</ind_PK_UK>
<ind_PK_UK id="5E0C5716-C7C9-E00F-24C0-75D70756D717" name="OTHER_MUS_INST_FK">
<createdBy>mannannlegur</createdBy>
<createdTime>2016-05-10 22:05:31 UTC</createdTime>
<generatorID>D5B876FA-850C-7C56-EB7F-D2EFC8A70C16</generatorID>
<ownerDesignName>MusicWorld</ownerDesignName>
<indexState>Foreign Key</indexState>
<isSurrogateKey>false</isSurrogateKey>
<indexColumnUsage>
<colUsage columnID="8BE4F545-7215-1746-DABA-34898E406BBC"/>
</indexColumnUsage>
</ind_PK_UK>
</indexes>
</Table>