<?xml version = '1.0' encoding = 'UTF-8'?>
<Table class="oracle.dbtools.crest.model.design.relational.Table" directorySegmentName="seg_0" id="18AE1860-E3DB-31D3-38E9-2249ED7BF3D0" name="MUSICIAN">
<createdBy>mannannlegur</createdBy>
<createdTime>2016-05-10 22:05:31 UTC</createdTime>
<generatorID>2881555A-76CE-5B98-E985-B68DBF29FDB3</generatorID>
<ownerDesignName>MusicWorld</ownerDesignName>
<abbreviation>MUS</abbreviation>
<allowColumnReorder>false</allowColumnReorder>
<existDependencyGenerateInDDl>true</existDependencyGenerateInDDl>
<parsed>true</parsed>
<columns itemClass="oracle.dbtools.crest.model.design.relational.Column">
<Column name="ROLE" id="4805A7DC-DE67-1FD5-C589-F36488F2EE8D">
<createdBy>mannannlegur</createdBy>
<createdTime>2016-05-10 22:05:31 UTC</createdTime>
<generatorID>8DB239DE-74EC-CCC6-C822-6698E6FF67C7</generatorID>
<ownerDesignName>MusicWorld</ownerDesignName>
<useDomainConstraints>false</useDomainConstraints>
<use>1</use>
<logicalDatatype>LOGDT025</logicalDatatype>
<dataTypeSize>20 CHAR</dataTypeSize>
<ownDataTypeParameters>20 CHAR,,</ownDataTypeParameters>
<autoIncrementCycle>false</autoIncrementCycle>
</Column>
<Column name="FAN_FAN_ID" id="6F7C91E3-A85D-DBFA-8BD3-32103CCCFB82">
<createdBy>mannannlegur</createdBy>
<createdTime>2016-05-10 22:05:31 UTC</createdTime>
<generatorID>9BA41347-18A8-B4B6-EC28-6CC2A9CDDB7F</generatorID>
<ownerDesignName>MusicWorld</ownerDesignName>
<useDomainConstraints>false</useDomainConstraints>
<use>1</use>
<logicalDatatype>LOGDT011</logicalDatatype>
<ownDataTypeParameters>,,</ownDataTypeParameters>
<previousColumn>false</previousColumn>
<autoIncrementCycle>false</autoIncrementCycle>
<associations>
<colAssociation fkAssociation="AD2CBC49-0EAF-F33B-FF0F-68A94BC8C980" referredColumn="39CF469D-EA21-5832-F224-6D4B26F68FF4"/>
</associations>
</Column>
</columns>
<indexes itemClass="oracle.dbtools.crest.model.design.relational.Index">
<ind_PK_UK id="E5041FF0-86D7-005B-12DA-8988F150E317" name="MUSICIAN_PK">
<createdBy>mannannlegur</createdBy>
<createdTime>2016-05-10 22:05:31 UTC</createdTime>
<generatorID>CFFB6430-6007-9C8E-8263-4C1D35745A09</generatorID>
<ownerDesignName>MusicWorld</ownerDesignName>
<pk>true</pk>
<indexState>Primary Constraint</indexState>
<isSurrogateKey>false</isSurrogateKey>
<indexColumnUsage>
<colUsage columnID="6F7C91E3-A85D-DBFA-8BD3-32103CCCFB82"/>
</indexColumnUsage>
</ind_PK_UK>
<ind_PK_UK id="69150569-A6A4-A2AD-396E-81741737D0A5" name="MUSICIAN_FAN_FK">
<createdBy>mannannlegur</createdBy>
<createdTime>2016-05-10 22:05:31 UTC</createdTime>
<generatorID>2FBA54E5-AA45-0817-ABA4-5DDA1613D9DF</generatorID>
<ownerDesignName>MusicWorld</ownerDesignName>
<indexState>Foreign Key</indexState>
<isSurrogateKey>false</isSurrogateKey>
<indexColumnUsage>
<colUsage columnID="6F7C91E3-A85D-DBFA-8BD3-32103CCCFB82"/>
</indexColumnUsage>
</ind_PK_UK>
</indexes>
</Table>