<?xml version = '1.0' encoding = 'UTF-8'?>
<Table class="oracle.dbtools.crest.model.design.relational.Table" directorySegmentName="seg_0" id="37400FB4-7032-714F-9A84-860F75DB9117" name="MUS_INST">
<createdBy>mannannlegur</createdBy>
<createdTime>2016-05-10 22:05:31 UTC</createdTime>
<generatorID>9685FC86-C7BE-3033-5727-43CF5EC7C80F</generatorID>
<ownerDesignName>MusicWorld</ownerDesignName>
<abbreviation>INSTRUMENT</abbreviation>
<allowColumnReorder>false</allowColumnReorder>
<existDependencyGenerateInDDl>true</existDependencyGenerateInDDl>
<parsed>true</parsed>
<columns itemClass="oracle.dbtools.crest.model.design.relational.Column">
<Column name="INSTRUMENT_INS_ID" id="04FD416E-1706-D3F9-0E43-BCE75875B2B8">
<createdBy>mannannlegur</createdBy>
<createdTime>2016-05-10 22:05:31 UTC</createdTime>
<generatorID>BCB0B542-2FA4-2C5A-3E68-DFB69FCA7CEB</generatorID>
<ownerDesignName>MusicWorld</ownerDesignName>
<useDomainConstraints>false</useDomainConstraints>
<use>1</use>
<logicalDatatype>LOGDT011</logicalDatatype>
<ownDataTypeParameters>,,</ownDataTypeParameters>
<autoIncrementCycle>false</autoIncrementCycle>
</Column>
<Column name="INSTRUMENT_NAME" id="E38D68E2-0639-FC05-3C4C-A73C25CD3C69">
<createdBy>mannannlegur</createdBy>
<createdTime>2016-05-10 22:05:31 UTC</createdTime>
<generatorID>57568198-C95E-DD8E-620B-10FDD4508BB1</generatorID>
<ownerDesignName>MusicWorld</ownerDesignName>
<nullsAllowed>true</nullsAllowed>
<useDomainConstraints>false</useDomainConstraints>
<use>1</use>
<logicalDatatype>LOGDT025</logicalDatatype>
<dataTypeSize>30 CHAR</dataTypeSize>
<ownDataTypeParameters>30 CHAR,,</ownDataTypeParameters>
<autoIncrementCycle>false</autoIncrementCycle>
</Column>
<Column name="MUSICIAN_FAN_ID" id="09ACF087-2508-B28D-726B-B57A75F969E0">
<createdBy>mannannlegur</createdBy>
<createdTime>2016-05-10 22:05:31 UTC</createdTime>
<generatorID>C71ED864-5DA9-C342-B3C5-1D21F87C88CD</generatorID>
<ownerDesignName>MusicWorld</ownerDesignName>
<useDomainConstraints>false</useDomainConstraints>
<use>1</use>
<logicalDatatype>LOGDT011</logicalDatatype>
<ownDataTypeParameters>,,</ownDataTypeParameters>
<previousColumn>false</previousColumn>
<autoIncrementCycle>false</autoIncrementCycle>
<associations>
<colAssociation fkAssociation="785951F4-DE52-11FF-52E2-A2A9ECA97D51" referredColumn="6F7C91E3-A85D-DBFA-8BD3-32103CCCFB82"/>
</associations>
</Column>
<Column name="INST_DESC_ID" id="A337520A-5877-D2DF-E149-2B47693ACCEE">
<createdBy>mannannlegur</createdBy>
<createdTime>2016-05-10 22:11:58 UTC</createdTime>
<ownerDesignName>MusicWorld</ownerDesignName>
<useDomainConstraints>false</useDomainConstraints>
<use>1</use>
<logicalDatatype>LOGDT024</logicalDatatype>
<dataTypeSize>15 CHAR</dataTypeSize>
<ownDataTypeParameters>15 CHAR,,</ownDataTypeParameters>
<autoIncrementCycle>false</autoIncrementCycle>
</Column>
</columns>
<indexes itemClass="oracle.dbtools.crest.model.design.relational.Index">
<ind_PK_UK id="254A515F-0B52-987E-D7D6-BD4A2D53B229" name="MUS_INST_PK">
<createdBy>mannannlegur</createdBy>
<createdTime>2016-05-10 22:05:31 UTC</createdTime>
<generatorID>4F7EB014-BF3B-B1D9-9B6B-A55D9059D46C</generatorID>
<ownerDesignName>MusicWorld</ownerDesignName>
<pk>true</pk>
<indexState>Primary Constraint</indexState>
<isSurrogateKey>false</isSurrogateKey>
<indexColumnUsage>
<colUsage columnID="04FD416E-1706-D3F9-0E43-BCE75875B2B8"/>
</indexColumnUsage>
</ind_PK_UK>
<ind_PK_UK id="FEDD06C2-3EE4-0A8F-9BEB-3A114B0E57B5" name="MUS_INST_MUSICIAN_FK">
<createdBy>mannannlegur</createdBy>
<createdTime>2016-05-10 22:05:31 UTC</createdTime>
<generatorID>5AB4B013-F9DB-685E-4BC0-DE6F55369F10</generatorID>
<ownerDesignName>MusicWorld</ownerDesignName>
<indexState>Foreign Key</indexState>
<isSurrogateKey>false</isSurrogateKey>
<indexColumnUsage>
<colUsage columnID="09ACF087-2508-B28D-726B-B57A75F969E0"/>
</indexColumnUsage>
</ind_PK_UK>
</indexes>
</Table>