<?xml version = '1.0' encoding = 'UTF-8'?>
<Table class="oracle.dbtools.crest.model.design.relational.Table" directorySegmentName="seg_0" id="61B30A78-505B-EC04-1259-22E04B19E524" name="WIND">
<createdBy>mannannlegur</createdBy>
<createdTime>2016-05-10 22:05:31 UTC</createdTime>
<generatorID>D9626642-BA1A-4D6C-266E-B1CF41D25D53</generatorID>
<ownerDesignName>MusicWorld</ownerDesignName>
<allowColumnReorder>false</allowColumnReorder>
<existDependencyGenerateInDDl>true</existDependencyGenerateInDDl>
<parsed>true</parsed>
<columns itemClass="oracle.dbtools.crest.model.design.relational.Column">
<Column name="INSTRUMENT_INS_ID" id="A60738FA-A63A-346D-B287-8F12BDF794EF">
<createdBy>mannannlegur</createdBy>
<createdTime>2016-05-10 22:05:31 UTC</createdTime>
<generatorID>BCB0B542-2FA4-2C5A-3E68-DFB69FCA7CEB</generatorID>
<ownerDesignName>MusicWorld</ownerDesignName>
<useDomainConstraints>false</useDomainConstraints>
<use>1</use>
<logicalDatatype>LOGDT011</logicalDatatype>
<ownDataTypeParameters>,,</ownDataTypeParameters>
<autoIncrementCycle>false</autoIncrementCycle>
<associations>
<colAssociation fkAssociation="91BD1E5D-8D22-779F-D96B-42CA51539AF8" referredColumn="04FD416E-1706-D3F9-0E43-BCE75875B2B8"/>
</associations>
</Column>
<Column name="RANGE" id="CFAAACCA-25B7-6F01-188E-0CD5C2C21E0C">
<createdBy>mannannlegur</createdBy>
<createdTime>2016-05-10 22:05:31 UTC</createdTime>
<generatorID>81911320-2C4C-B12F-8802-75368AF882BA</generatorID>
<ownerDesignName>MusicWorld</ownerDesignName>
<useDomainConstraints>false</useDomainConstraints>
<use>1</use>
<logicalDatatype>LOGDT024</logicalDatatype>
<dataTypeSize>50 CHAR</dataTypeSize>
<ownDataTypeParameters>50 CHAR,,</ownDataTypeParameters>
<autoIncrementCycle>false</autoIncrementCycle>
</Column>
</columns>
<indexes itemClass="oracle.dbtools.crest.model.design.relational.Index">
<ind_PK_UK id="A036AFBE-75CF-EC9A-8339-EA74BD867A2E" name="WIND_PK">
<createdBy>mannannlegur</createdBy>
<createdTime>2016-05-10 22:05:31 UTC</createdTime>
<generatorID>4F7EB014-BF3B-B1D9-9B6B-A55D9059D46C</generatorID>
<ownerDesignName>MusicWorld</ownerDesignName>
<pk>true</pk>
<indexState>Primary Constraint</indexState>
<isSurrogateKey>false</isSurrogateKey>
<indexColumnUsage>
<colUsage columnID="A60738FA-A63A-346D-B287-8F12BDF794EF"/>
</indexColumnUsage>
</ind_PK_UK>
<ind_PK_UK id="069F86A6-E0C5-9547-3818-D2F84795E816" name="WIND_MUS_INST_FK">
<createdBy>mannannlegur</createdBy>
<createdTime>2016-05-10 22:05:31 UTC</createdTime>
<generatorID>3DC9B795-B694-57EE-4846-977FAF6263F1</generatorID>
<ownerDesignName>MusicWorld</ownerDesignName>
<indexState>Foreign Key</indexState>
<isSurrogateKey>false</isSurrogateKey>
<indexColumnUsage>
<colUsage columnID="A60738FA-A63A-346D-B287-8F12BDF794EF"/>
</indexColumnUsage>
</ind_PK_UK>
</indexes>
</Table>