<?xml version = '1.0' encoding = 'UTF-8'?>
<Table class="oracle.dbtools.crest.model.design.relational.Table" directorySegmentName="seg_0" id="750D9559-61F2-1610-1985-D76903CF1E05" name="MIC">
<createdBy>mannannlegur</createdBy>
<createdTime>2016-05-10 22:05:31 UTC</createdTime>
<generatorID>700538FA-139C-9314-CF0B-B1F51D458EE4</generatorID>
<ownerDesignName>MusicWorld</ownerDesignName>
<allowColumnReorder>false</allowColumnReorder>
<existDependencyGenerateInDDl>true</existDependencyGenerateInDDl>
<parsed>true</parsed>
<columns itemClass="oracle.dbtools.crest.model.design.relational.Column">
<Column name="INSTRUMENT_INS_ID" id="240CC351-9E27-7739-A120-C0E9E037ED80">
<createdBy>mannannlegur</createdBy>
<createdTime>2016-05-10 22:05:31 UTC</createdTime>
<generatorID>BCB0B542-2FA4-2C5A-3E68-DFB69FCA7CEB</generatorID>
<ownerDesignName>MusicWorld</ownerDesignName>
<useDomainConstraints>false</useDomainConstraints>
<use>1</use>
<logicalDatatype>LOGDT011</logicalDatatype>
<ownDataTypeParameters>,,</ownDataTypeParameters>
<autoIncrementCycle>false</autoIncrementCycle>
<associations>
<colAssociation fkAssociation="F63641E1-D674-8F7C-596F-039DC3BFEEFB" referredColumn="04FD416E-1706-D3F9-0E43-BCE75875B2B8"/>
</associations>
</Column>
<Column name="TYPE" id="E513AA22-7ADA-C351-CEA0-4A82F73670E7">
<createdBy>mannannlegur</createdBy>
<createdTime>2016-05-10 22:05:31 UTC</createdTime>
<generatorID>6C672CF8-EB6C-BA01-6C10-B611C91595E1</generatorID>
<ownerDesignName>MusicWorld</ownerDesignName>
<useDomainConstraints>false</useDomainConstraints>
<use>1</use>
<logicalDatatype>LOGDT024</logicalDatatype>
<dataTypeSize>50 CHAR</dataTypeSize>
<ownDataTypeParameters>50 CHAR,,</ownDataTypeParameters>
<autoIncrementCycle>false</autoIncrementCycle>
</Column>
</columns>
<indexes itemClass="oracle.dbtools.crest.model.design.relational.Index">
<ind_PK_UK id="5E141125-A957-D300-EC21-D2A6E0CC8486" name="MIC_PK">
<createdBy>mannannlegur</createdBy>
<createdTime>2016-05-10 22:05:31 UTC</createdTime>
<generatorID>4F7EB014-BF3B-B1D9-9B6B-A55D9059D46C</generatorID>
<ownerDesignName>MusicWorld</ownerDesignName>
<pk>true</pk>
<indexState>Primary Constraint</indexState>
<isSurrogateKey>false</isSurrogateKey>
<indexColumnUsage>
<colUsage columnID="240CC351-9E27-7739-A120-C0E9E037ED80"/>
</indexColumnUsage>
</ind_PK_UK>
<ind_PK_UK id="C0ECCAED-0CE6-A776-F591-E2928614B879" name="MIC_MUS_INST_FK">
<createdBy>mannannlegur</createdBy>
<createdTime>2016-05-10 22:05:31 UTC</createdTime>
<generatorID>611C7437-5FE8-67DB-28FE-0A098BD2BB0F</generatorID>
<ownerDesignName>MusicWorld</ownerDesignName>
<indexState>Foreign Key</indexState>
<isSurrogateKey>false</isSurrogateKey>
<indexColumnUsage>
<colUsage columnID="240CC351-9E27-7739-A120-C0E9E037ED80"/>
</indexColumnUsage>
</ind_PK_UK>
</indexes>
</Table>