<?xml version = '1.0' encoding = 'UTF-8'?>
<Table class="oracle.dbtools.crest.model.design.relational.Table" directorySegmentName="seg_0" id="7E3E5540-BE83-8A92-7B41-58E399294999" name="HAVING_FUN">
<createdBy>mannannlegur</createdBy>
<createdTime>2016-05-10 22:05:31 UTC</createdTime>
<generatorID>95A589C1-653D-E821-2DD7-642C0F608A3C</generatorID>
<ownerDesignName>MusicWorld</ownerDesignName>
<allowColumnReorder>false</allowColumnReorder>
<existDependencyGenerateInDDl>true</existDependencyGenerateInDDl>
<parsed>true</parsed>
<columns itemClass="oracle.dbtools.crest.model.design.relational.Column">
<Column name="CONCERT_ADDRESS" id="B36E00A8-1E4E-2289-C623-852C6632D024">
<createdBy>mannannlegur</createdBy>
<createdTime>2016-05-10 22:05:31 UTC</createdTime>
<generatorID>EE8F359A-B38B-CA39-DD7C-5FF456D73A70</generatorID>
<ownerDesignName>MusicWorld</ownerDesignName>
<useDomainConstraints>false</useDomainConstraints>
<use>1</use>
<logicalDatatype>LOGDT025</logicalDatatype>
<dataTypeSize>100 CHAR</dataTypeSize>
<ownDataTypeParameters>,,</ownDataTypeParameters>
<previousColumn>false</previousColumn>
<autoIncrementCycle>false</autoIncrementCycle>
<associations>
<colAssociation fkAssociation="84D9E845-BC51-6AAA-687E-50D9956354E3" referredColumn="857ABE71-777F-30D1-D517-55E7F48BF20F"/>
</associations>
</Column>
<Column name="CONCERT_DATETIME_START" id="D6059754-69AE-54E2-4490-62F9E5349560">
<createdBy>mannannlegur</createdBy>
<createdTime>2016-05-10 22:05:31 UTC</createdTime>
<generatorID>557A3F6A-9B6B-E43F-CED8-E936868CC424</generatorID>
<ownerDesignName>MusicWorld</ownerDesignName>
<useDomainConstraints>false</useDomainConstraints>
<use>1</use>
<logicalDatatype>LOGDT038</logicalDatatype>
<ownDataTypeParameters>,,</ownDataTypeParameters>
<previousColumn>false</previousColumn>
<autoIncrementCycle>false</autoIncrementCycle>
<associations>
<colAssociation fkAssociation="84D9E845-BC51-6AAA-687E-50D9956354E3" referredColumn="1205A703-F756-5DFB-CB4D-E9104256131B"/>
</associations>
</Column>
<Column name="FAN_FAN_ID" id="9C787B2F-4ABB-8951-519C-5B6272E28F5B">
<createdBy>mannannlegur</createdBy>
<createdTime>2016-05-10 22:05:31 UTC</createdTime>
<generatorID>E04C94D2-ACFE-1C37-6595-2CBB687682E9</generatorID>
<ownerDesignName>MusicWorld</ownerDesignName>
<useDomainConstraints>false</useDomainConstraints>
<use>1</use>
<logicalDatatype>LOGDT011</logicalDatatype>
<ownDataTypeParameters>,,</ownDataTypeParameters>
<previousColumn>false</previousColumn>
<autoIncrementCycle>false</autoIncrementCycle>
<associations>
<colAssociation fkAssociation="4E863781-7D4E-A5C7-22B0-88930C54C580" referredColumn="39CF469D-EA21-5832-F224-6D4B26F68FF4"/>
</associations>
</Column>
</columns>
<indexes itemClass="oracle.dbtools.crest.model.design.relational.Index">
<ind_PK_UK id="8401F72D-8554-7E4D-4F62-C9B542D230E4" name="HAVING_FUN_PK">
<createdBy>mannannlegur</createdBy>
<createdTime>2016-05-10 22:05:31 UTC</createdTime>
<generatorID>8D3BA3DE-A1C6-F09A-3E2D-8BBFAD8879ED</generatorID>
<ownerDesignName>MusicWorld</ownerDesignName>
<pk>true</pk>
<indexState>Primary Constraint</indexState>
<isSurrogateKey>false</isSurrogateKey>
<indexColumnUsage>
<colUsage columnID="9C787B2F-4ABB-8951-519C-5B6272E28F5B"/>
<colUsage columnID="B36E00A8-1E4E-2289-C623-852C6632D024"/>
<colUsage columnID="D6059754-69AE-54E2-4490-62F9E5349560"/>
</indexColumnUsage>
</ind_PK_UK>
<ind_PK_UK id="E8DE0A35-D926-46E3-E349-37ADD22DFAE2" name="HAVING_FUN_CONCERT_FK">
<createdBy>mannannlegur</createdBy>
<createdTime>2016-05-10 22:05:31 UTC</createdTime>
<generatorID>A25A720E-AEFF-3D97-CA39-CAD70BD007B2</generatorID>
<ownerDesignName>MusicWorld</ownerDesignName>
<indexState>Foreign Key</indexState>
<isSurrogateKey>false</isSurrogateKey>
<indexColumnUsage>
<colUsage columnID="B36E00A8-1E4E-2289-C623-852C6632D024"/>
<colUsage columnID="D6059754-69AE-54E2-4490-62F9E5349560"/>
</indexColumnUsage>
</ind_PK_UK>
<ind_PK_UK id="AD551553-831F-EDEB-43BE-4C5FE589B650" name="HAVING_FUN_FAN_FK">
<createdBy>mannannlegur</createdBy>
<createdTime>2016-05-10 22:05:31 UTC</createdTime>
<generatorID>E9370ECE-1139-A04B-782F-6AEF034A33AF</generatorID>
<ownerDesignName>MusicWorld</ownerDesignName>
<indexState>Foreign Key</indexState>
<isSurrogateKey>false</isSurrogateKey>
<indexColumnUsage>
<colUsage columnID="9C787B2F-4ABB-8951-519C-5B6272E28F5B"/>
</indexColumnUsage>
</ind_PK_UK>
</indexes>
</Table>