<?xml version = '1.0' encoding = 'UTF-8'?>
<Table class="oracle.dbtools.crest.model.design.relational.Table" directorySegmentName="seg_0" id="9C714D3E-8CD4-AB13-1074-7D94F368276E" name="ELECTRONIC">
<createdBy>mannannlegur</createdBy>
<createdTime>2016-05-10 22:05:31 UTC</createdTime>
<generatorID>2D887C23-F3B6-4D2B-8A58-3447B3AAB4FD</generatorID>
<ownerDesignName>MusicWorld</ownerDesignName>
<allowColumnReorder>false</allowColumnReorder>
<existDependencyGenerateInDDl>true</existDependencyGenerateInDDl>
<parsed>true</parsed>
<columns itemClass="oracle.dbtools.crest.model.design.relational.Column">
<Column name="INSTRUMENT_INS_ID" id="BBC050A0-7871-3D6A-E92F-ED66DEC039FF">
<createdBy>mannannlegur</createdBy>
<createdTime>2016-05-10 22:05:31 UTC</createdTime>
<generatorID>BCB0B542-2FA4-2C5A-3E68-DFB69FCA7CEB</generatorID>
<ownerDesignName>MusicWorld</ownerDesignName>
<useDomainConstraints>false</useDomainConstraints>
<use>1</use>
<logicalDatatype>LOGDT011</logicalDatatype>
<ownDataTypeParameters>,,</ownDataTypeParameters>
<autoIncrementCycle>false</autoIncrementCycle>
<associations>
<colAssociation fkAssociation="3A6E4670-6CA8-C302-1435-54B68C8BED5B" referredColumn="04FD416E-1706-D3F9-0E43-BCE75875B2B8"/>
</associations>
</Column>
<Column name="SYNTHESIZER" id="9EDD2063-F2C4-8147-414F-7C925B5F4695">
<createdBy>mannannlegur</createdBy>
<createdTime>2016-05-10 22:05:31 UTC</createdTime>
<generatorID>B652500E-AEBE-B8C1-E899-707BD6DC6D26</generatorID>
<ownerDesignName>MusicWorld</ownerDesignName>
<useDomainConstraints>false</useDomainConstraints>
<use>1</use>
<logicalDatatype>LOGDT006</logicalDatatype>
<dataTypeSize>1 BYTE</dataTypeSize>
<ownDataTypeParameters>1 BYTE,,</ownDataTypeParameters>
<autoIncrementCycle>false</autoIncrementCycle>
</Column>
</columns>
<indexes itemClass="oracle.dbtools.crest.model.design.relational.Index">
<ind_PK_UK id="CEC77A64-0F29-88B0-F07D-25F49F64F11F" name="ELECTRONIC_PK">
<createdBy>mannannlegur</createdBy>
<createdTime>2016-05-10 22:05:31 UTC</createdTime>
<generatorID>4F7EB014-BF3B-B1D9-9B6B-A55D9059D46C</generatorID>
<ownerDesignName>MusicWorld</ownerDesignName>
<pk>true</pk>
<indexState>Primary Constraint</indexState>
<isSurrogateKey>false</isSurrogateKey>
<indexColumnUsage>
<colUsage columnID="BBC050A0-7871-3D6A-E92F-ED66DEC039FF"/>
</indexColumnUsage>
</ind_PK_UK>
<ind_PK_UK id="2FFE46E5-8B1A-6090-03DF-A204DFC1D238" name="ELECTRONIC_MUS_INST_FK">
<createdBy>mannannlegur</createdBy>
<createdTime>2016-05-10 22:05:31 UTC</createdTime>
<generatorID>0064040B-5956-4A28-4F02-4DDA818FE297</generatorID>
<ownerDesignName>MusicWorld</ownerDesignName>
<indexState>Foreign Key</indexState>
<isSurrogateKey>false</isSurrogateKey>
<indexColumnUsage>
<colUsage columnID="BBC050A0-7871-3D6A-E92F-ED66DEC039FF"/>
</indexColumnUsage>
</ind_PK_UK>
</indexes>
</Table>