<?xml version = '1.0' encoding = 'UTF-8'?>
<Table class="oracle.dbtools.crest.model.design.relational.Table" directorySegmentName="seg_0" id="AEE415C5-3BDF-228E-0CCB-79D9597E81E8" name="PERFORMANCE">
<createdBy>mannannlegur</createdBy>
<createdTime>2016-05-10 22:05:31 UTC</createdTime>
<generatorID>1001FCDE-CE83-493A-68E6-0A1BB73FA75B</generatorID>
<ownerDesignName>MusicWorld</ownerDesignName>
<allowColumnReorder>false</allowColumnReorder>
<existDependencyGenerateInDDl>true</existDependencyGenerateInDDl>
<parsed>true</parsed>
<columns itemClass="oracle.dbtools.crest.model.design.relational.Column">
<Column name="CONCERT_ADDRESS" id="D033B84C-FAE8-8593-E656-47CC43D0C6DC">
<createdBy>mannannlegur</createdBy>
<createdTime>2016-05-10 22:05:31 UTC</createdTime>
<generatorID>4300F855-92F6-7D98-6C72-C32FFB32C86E</generatorID>
<ownerDesignName>MusicWorld</ownerDesignName>
<useDomainConstraints>false</useDomainConstraints>
<use>1</use>
<logicalDatatype>LOGDT025</logicalDatatype>
<dataTypeSize>100 CHAR</dataTypeSize>
<ownDataTypeParameters>,,</ownDataTypeParameters>
<previousColumn>false</previousColumn>
<autoIncrementCycle>false</autoIncrementCycle>
<associations>
<colAssociation fkAssociation="33A5D76F-62BD-2488-0119-C22E929E2914" referredColumn="857ABE71-777F-30D1-D517-55E7F48BF20F"/>
</associations>
</Column>
<Column name="CONCERT_DATETIME_START" id="09F2D22E-55CD-BBCD-B445-6DE3D3D4F44A">
<createdBy>mannannlegur</createdBy>
<createdTime>2016-05-10 22:05:31 UTC</createdTime>
<generatorID>122639E0-383A-4BEB-9967-7CB11C8858FA</generatorID>
<ownerDesignName>MusicWorld</ownerDesignName>
<useDomainConstraints>false</useDomainConstraints>
<use>1</use>
<logicalDatatype>LOGDT038</logicalDatatype>
<ownDataTypeParameters>,,</ownDataTypeParameters>
<previousColumn>false</previousColumn>
<autoIncrementCycle>false</autoIncrementCycle>
<associations>
<colAssociation fkAssociation="33A5D76F-62BD-2488-0119-C22E929E2914" referredColumn="1205A703-F756-5DFB-CB4D-E9104256131B"/>
</associations>
</Column>
<Column name="BAND_NAME" id="FFE07A5D-9A7C-70AC-4102-6F2872003132">
<createdBy>mannannlegur</createdBy>
<createdTime>2016-05-10 22:05:31 UTC</createdTime>
<generatorID>7512E1A5-8C3C-ABEA-D8BB-15F002190D52</generatorID>
<ownerDesignName>MusicWorld</ownerDesignName>
<useDomainConstraints>false</useDomainConstraints>
<use>1</use>
<logicalDatatype>LOGDT025</logicalDatatype>
<dataTypeSize>50 CHAR</dataTypeSize>
<ownDataTypeParameters>,,</ownDataTypeParameters>
<previousColumn>false</previousColumn>
<autoIncrementCycle>false</autoIncrementCycle>
<associations>
<colAssociation fkAssociation="8C5100E0-76EA-BC08-45E6-8507BA76D3F0" referredColumn="F22D936F-F385-4221-D521-C522AA397012"/>
</associations>
</Column>
</columns>
<indexes itemClass="oracle.dbtools.crest.model.design.relational.Index">
<ind_PK_UK id="AC322AC3-1B7E-DAE7-9C99-FE9B1ED7F507" name="PERFORMANCE_PK">
<createdBy>mannannlegur</createdBy>
<createdTime>2016-05-10 22:05:31 UTC</createdTime>
<generatorID>7A81F83A-4A64-41BC-D616-F40FB67D45D9</generatorID>
<ownerDesignName>MusicWorld</ownerDesignName>
<pk>true</pk>
<indexState>Primary Constraint</indexState>
<isSurrogateKey>false</isSurrogateKey>
<indexColumnUsage>
<colUsage columnID="D033B84C-FAE8-8593-E656-47CC43D0C6DC"/>
<colUsage columnID="09F2D22E-55CD-BBCD-B445-6DE3D3D4F44A"/>
<colUsage columnID="FFE07A5D-9A7C-70AC-4102-6F2872003132"/>
</indexColumnUsage>
</ind_PK_UK>
<ind_PK_UK id="88ADBA9A-73CB-CD9F-5369-DBDF5EA3D789" name="PERFORMANCE_CONCERT_FK">
<createdBy>mannannlegur</createdBy>
<createdTime>2016-05-10 22:05:31 UTC</createdTime>
<generatorID>91F16298-F37A-E37D-0B91-6010CFDDF9A4</generatorID>
<ownerDesignName>MusicWorld</ownerDesignName>
<indexState>Foreign Key</indexState>
<isSurrogateKey>false</isSurrogateKey>
<indexColumnUsage>
<colUsage columnID="D033B84C-FAE8-8593-E656-47CC43D0C6DC"/>
<colUsage columnID="09F2D22E-55CD-BBCD-B445-6DE3D3D4F44A"/>
</indexColumnUsage>
</ind_PK_UK>
<ind_PK_UK id="AC1233FC-A311-FF33-21B3-5429378FD7C5" name="PERFORMANCE_BAND_FK">
<createdBy>mannannlegur</createdBy>
<createdTime>2016-05-10 22:05:31 UTC</createdTime>
<generatorID>A1E3E06E-4F51-DA03-CF33-9774FB3F4EF8</generatorID>
<ownerDesignName>MusicWorld</ownerDesignName>
<indexState>Foreign Key</indexState>
<isSurrogateKey>false</isSurrogateKey>
<indexColumnUsage>
<colUsage columnID="FFE07A5D-9A7C-70AC-4102-6F2872003132"/>
</indexColumnUsage>
</ind_PK_UK>
</indexes>
</Table>