<?xml version = '1.0' encoding = 'UTF-8'?>
<Table class="oracle.dbtools.crest.model.design.relational.Table" directorySegmentName="seg_0" id="D8A595EB-BFC8-99C8-C0A0-2189BEE237C3" name="IN_BAND">
<createdBy>mannannlegur</createdBy>
<createdTime>2016-05-10 22:05:31 UTC</createdTime>
<generatorID>E78A2C1A-97ED-8BAA-CE2A-AFE43FE78CDD</generatorID>
<ownerDesignName>MusicWorld</ownerDesignName>
<allowColumnReorder>false</allowColumnReorder>
<existDependencyGenerateInDDl>true</existDependencyGenerateInDDl>
<parsed>true</parsed>
<columns itemClass="oracle.dbtools.crest.model.design.relational.Column">
<Column name="BAND_NAME" id="308DBA64-F71A-26DA-852B-80C935092BF0">
<createdBy>mannannlegur</createdBy>
<createdTime>2016-05-10 22:05:31 UTC</createdTime>
<generatorID>765DDE10-F572-02A7-B87A-BC827267DA40</generatorID>
<ownerDesignName>MusicWorld</ownerDesignName>
<useDomainConstraints>false</useDomainConstraints>
<use>1</use>
<logicalDatatype>LOGDT025</logicalDatatype>
<dataTypeSize>50 CHAR</dataTypeSize>
<ownDataTypeParameters>,,</ownDataTypeParameters>
<previousColumn>false</previousColumn>
<autoIncrementCycle>false</autoIncrementCycle>
<associations>
<colAssociation fkAssociation="EC544BC4-B3CB-9A8C-3744-076921924B87" referredColumn="F22D936F-F385-4221-D521-C522AA397012"/>
</associations>
</Column>
<Column name="MUSICIAN_FAN_ID" id="8BDC6767-D02D-55C8-7C4C-AFCDF7DAF50B">
<createdBy>mannannlegur</createdBy>
<createdTime>2016-05-10 22:05:31 UTC</createdTime>
<generatorID>DA2D53EA-4B77-901E-E856-8F56EB8FF320</generatorID>
<ownerDesignName>MusicWorld</ownerDesignName>
<useDomainConstraints>false</useDomainConstraints>
<use>1</use>
<logicalDatatype>LOGDT011</logicalDatatype>
<ownDataTypeParameters>,,</ownDataTypeParameters>
<previousColumn>false</previousColumn>
<autoIncrementCycle>false</autoIncrementCycle>
<associations>
<colAssociation fkAssociation="681EC87D-58B1-EBC6-AE0A-430D16081703" referredColumn="6F7C91E3-A85D-DBFA-8BD3-32103CCCFB82"/>
</associations>
</Column>
</columns>
<indexes itemClass="oracle.dbtools.crest.model.design.relational.Index">
<ind_PK_UK id="EB611378-AB7F-A2CF-7104-EA51ACBF136B" name="IN_BAND_PK">
<createdBy>mannannlegur</createdBy>
<createdTime>2016-05-10 22:05:31 UTC</createdTime>
<generatorID>7BA5FE80-A62D-8395-C1F3-0ABE592F5EC2</generatorID>
<ownerDesignName>MusicWorld</ownerDesignName>
<pk>true</pk>
<indexState>Primary Constraint</indexState>
<isSurrogateKey>false</isSurrogateKey>
<indexColumnUsage>
<colUsage columnID="308DBA64-F71A-26DA-852B-80C935092BF0"/>
<colUsage columnID="8BDC6767-D02D-55C8-7C4C-AFCDF7DAF50B"/>
</indexColumnUsage>
</ind_PK_UK>
<ind_PK_UK id="116DA01A-0793-DCD3-023F-91E9D2602C2C" name="IN_BAND_BAND_FK">
<createdBy>mannannlegur</createdBy>
<createdTime>2016-05-10 22:05:31 UTC</createdTime>
<generatorID>4AB4E3B9-7187-E22D-291E-27DDE751555C</generatorID>
<ownerDesignName>MusicWorld</ownerDesignName>
<indexState>Foreign Key</indexState>
<isSurrogateKey>false</isSurrogateKey>
<indexColumnUsage>
<colUsage columnID="308DBA64-F71A-26DA-852B-80C935092BF0"/>
</indexColumnUsage>
</ind_PK_UK>
<ind_PK_UK id="B4AEAE0B-D508-492B-E861-4906E1487F96" name="IN_BAND_MUSICIAN_FK">
<createdBy>mannannlegur</createdBy>
<createdTime>2016-05-10 22:05:31 UTC</createdTime>
<generatorID>76C720D2-9C29-1BAA-7165-C5C1E52B1B34</generatorID>
<ownerDesignName>MusicWorld</ownerDesignName>
<indexState>Foreign Key</indexState>
<isSurrogateKey>false</isSurrogateKey>
<indexColumnUsage>
<colUsage columnID="8BDC6767-D02D-55C8-7C4C-AFCDF7DAF50B"/>
</indexColumnUsage>
</ind_PK_UK>
</indexes>
</Table>