<?xml version = '1.0' encoding = 'UTF-8'?>
<Table class="oracle.dbtools.crest.model.design.relational.Table" directorySegmentName="seg_0" id="E2A41DA9-A92F-3FF5-378C-FA27466D0781" name="SONG">
<createdBy>mannannlegur</createdBy>
<createdTime>2016-05-10 22:05:31 UTC</createdTime>
<generatorID>AB970D40-2AFD-9DF1-DA18-7D664CE4F75B</generatorID>
<ownerDesignName>MusicWorld</ownerDesignName>
<allowColumnReorder>false</allowColumnReorder>
<existDependencyGenerateInDDl>true</existDependencyGenerateInDDl>
<parsed>true</parsed>
<columns itemClass="oracle.dbtools.crest.model.design.relational.Column">
<Column name="SONG_NAME" id="44DB5A10-6148-A721-20FC-1A97D88A0ECC">
<createdBy>mannannlegur</createdBy>
<createdTime>2016-05-10 22:05:31 UTC</createdTime>
<generatorID>7F105DD4-E13E-72F5-160B-87C869F2ACC2</generatorID>
<ownerDesignName>MusicWorld</ownerDesignName>
<useDomainConstraints>false</useDomainConstraints>
<use>1</use>
<logicalDatatype>LOGDT024</logicalDatatype>
<dataTypeSize>50 CHAR</dataTypeSize>
<ownDataTypeParameters>50 CHAR,,</ownDataTypeParameters>
<autoIncrementCycle>false</autoIncrementCycle>
</Column>
<Column name="ALBUM" id="24CDDB0D-71F9-D991-A4BF-A87CCA572A6F">
<createdBy>mannannlegur</createdBy>
<createdTime>2016-05-10 22:05:31 UTC</createdTime>
<generatorID>BF0FAFB3-7456-98E7-8869-FD7FABFCE29D</generatorID>
<ownerDesignName>MusicWorld</ownerDesignName>
<useDomainConstraints>false</useDomainConstraints>
<use>1</use>
<logicalDatatype>LOGDT024</logicalDatatype>
<dataTypeSize>50 CHAR</dataTypeSize>
<ownDataTypeParameters>50 CHAR,,</ownDataTypeParameters>
<autoIncrementCycle>false</autoIncrementCycle>
</Column>
<Column name="YEAR" id="30BDBA9E-0604-DE50-95D6-BDC88595E01A">
<createdBy>mannannlegur</createdBy>
<createdTime>2016-05-10 22:05:31 UTC</createdTime>
<generatorID>C6006164-A1B0-D2AC-C7FA-B4F1292ED848</generatorID>
<ownerDesignName>MusicWorld</ownerDesignName>
<useDomainConstraints>false</useDomainConstraints>
<use>1</use>
<logicalDatatype>LOGDT038</logicalDatatype>
<ownDataTypeParameters>,,</ownDataTypeParameters>
<autoIncrementCycle>false</autoIncrementCycle>
</Column>
<Column name="LENGTH" id="C34B0B08-FE5D-C67E-CBB0-B9D5F0573C0C">
<createdBy>mannannlegur</createdBy>
<createdTime>2016-05-10 22:05:31 UTC</createdTime>
<generatorID>42EFD375-00C0-C4D2-B53F-BE8F0FBB2018</generatorID>
<ownerDesignName>MusicWorld</ownerDesignName>
<useDomainConstraints>false</useDomainConstraints>
<use>1</use>
<logicalDatatype>LOGDT011</logicalDatatype>
<ownDataTypeParameters>,,</ownDataTypeParameters>
<autoIncrementCycle>false</autoIncrementCycle>
</Column>
<Column name="BAND_NAME" id="35F5F99C-A675-3DED-CEB4-9B92E5315B59">
<createdBy>mannannlegur</createdBy>
<createdTime>2016-05-10 22:05:31 UTC</createdTime>
<generatorID>4D0D0168-25AD-64BD-93A9-59C8BE52809F</generatorID>
<ownerDesignName>MusicWorld</ownerDesignName>
<useDomainConstraints>false</useDomainConstraints>
<use>1</use>
<logicalDatatype>LOGDT025</logicalDatatype>
<dataTypeSize>50 CHAR</dataTypeSize>
<ownDataTypeParameters>,,</ownDataTypeParameters>
<previousColumn>false</previousColumn>
<autoIncrementCycle>false</autoIncrementCycle>
<associations>
<colAssociation fkAssociation="E8EC8DE0-4F2F-553F-27D8-A7F5B41C9364" referredColumn="F22D936F-F385-4221-D521-C522AA397012"/>
</associations>
</Column>
</columns>
<indexes itemClass="oracle.dbtools.crest.model.design.relational.Index">
<ind_PK_UK id="AE7EA663-653F-9750-3806-4AD204379880" name="SONG_PK">
<createdBy>mannannlegur</createdBy>
<createdTime>2016-05-10 22:05:31 UTC</createdTime>
<generatorID>7358E72F-36ED-98F7-B3A6-E206BD8FBC8A</generatorID>
<ownerDesignName>MusicWorld</ownerDesignName>
<pk>true</pk>
<indexState>Primary Constraint</indexState>
<isSurrogateKey>false</isSurrogateKey>
<indexColumnUsage>
<colUsage columnID="35F5F99C-A675-3DED-CEB4-9B92E5315B59"/>
<colUsage columnID="24CDDB0D-71F9-D991-A4BF-A87CCA572A6F"/>
<colUsage columnID="44DB5A10-6148-A721-20FC-1A97D88A0ECC"/>
</indexColumnUsage>
</ind_PK_UK>
<ind_PK_UK id="C86007F3-DBBF-729A-BBEE-64FCDC806137" name="SONG_BAND_FK">
<createdBy>mannannlegur</createdBy>
<createdTime>2016-05-10 22:05:31 UTC</createdTime>
<generatorID>FBF2192C-C692-E3A8-28A4-F046BD8727C6</generatorID>
<ownerDesignName>MusicWorld</ownerDesignName>
<indexState>Foreign Key</indexState>
<isSurrogateKey>false</isSurrogateKey>
<indexColumnUsage>
<colUsage columnID="35F5F99C-A675-3DED-CEB4-9B92E5315B59"/>
</indexColumnUsage>
</ind_PK_UK>
</indexes>
</Table>