<?xml version = '1.0' encoding = 'UTF-8'?>
<Table class="oracle.dbtools.crest.model.design.relational.Table" directorySegmentName="seg_0" id="F5B301F6-0A79-6336-15B5-E284CC414A5E" name="STRINGED">
<createdBy>mannannlegur</createdBy>
<createdTime>2016-05-10 22:05:31 UTC</createdTime>
<generatorID>D6269BBC-CB4E-3D65-B046-066B3F6BFB41</generatorID>
<ownerDesignName>MusicWorld</ownerDesignName>
<allowColumnReorder>false</allowColumnReorder>
<existDependencyGenerateInDDl>true</existDependencyGenerateInDDl>
<parsed>true</parsed>
<columns itemClass="oracle.dbtools.crest.model.design.relational.Column">
<Column name="INSTRUMENT_INS_ID" id="32A27073-4B6E-28C3-0DD8-74AB305E3CD0">
<createdBy>mannannlegur</createdBy>
<createdTime>2016-05-10 22:05:31 UTC</createdTime>
<generatorID>BCB0B542-2FA4-2C5A-3E68-DFB69FCA7CEB</generatorID>
<ownerDesignName>MusicWorld</ownerDesignName>
<useDomainConstraints>false</useDomainConstraints>
<use>1</use>
<logicalDatatype>LOGDT011</logicalDatatype>
<ownDataTypeParameters>,,</ownDataTypeParameters>
<autoIncrementCycle>false</autoIncrementCycle>
<associations>
<colAssociation fkAssociation="D505EC6F-C967-FE31-B0E0-7B938A87573F" referredColumn="04FD416E-1706-D3F9-0E43-BCE75875B2B8"/>
</associations>
</Column>
<Column name="NUM_OF_STRINGS" id="D2862F6A-5688-5727-D4E6-974225F660A2">
<createdBy>mannannlegur</createdBy>
<createdTime>2016-05-10 22:05:31 UTC</createdTime>
<generatorID>4AD3B988-9700-8C58-E694-A88B45FA05F9</generatorID>
<ownerDesignName>MusicWorld</ownerDesignName>
<useDomainConstraints>false</useDomainConstraints>
<use>1</use>
<logicalDatatype>LOGDT011</logicalDatatype>
<ownDataTypeParameters>,,</ownDataTypeParameters>
<autoIncrementCycle>false</autoIncrementCycle>
</Column>
</columns>
<indexes itemClass="oracle.dbtools.crest.model.design.relational.Index">
<ind_PK_UK id="F360D982-478D-3FF7-978D-D8A996897C39" name="STRINGED_PK">
<createdBy>mannannlegur</createdBy>
<createdTime>2016-05-10 22:05:31 UTC</createdTime>
<generatorID>4F7EB014-BF3B-B1D9-9B6B-A55D9059D46C</generatorID>
<ownerDesignName>MusicWorld</ownerDesignName>
<pk>true</pk>
<indexState>Primary Constraint</indexState>
<isSurrogateKey>false</isSurrogateKey>
<indexColumnUsage>
<colUsage columnID="32A27073-4B6E-28C3-0DD8-74AB305E3CD0"/>
</indexColumnUsage>
</ind_PK_UK>
<ind_PK_UK id="003D4D5C-68DF-ACE1-B4C5-2F99B85E3B8E" name="STRINGED_MUS_INST_FK">
<createdBy>mannannlegur</createdBy>
<createdTime>2016-05-10 22:05:31 UTC</createdTime>
<generatorID>CDAAED2F-915F-C602-F852-23DA7D104DD8</generatorID>
<ownerDesignName>MusicWorld</ownerDesignName>
<indexState>Foreign Key</indexState>
<isSurrogateKey>false</isSurrogateKey>
<indexColumnUsage>
<colUsage columnID="32A27073-4B6E-28C3-0DD8-74AB305E3CD0"/>
</indexColumnUsage>
</ind_PK_UK>
</indexes>
</Table>