<?xml version = '1.0' encoding = 'UTF-8'?>
<Relation class="oracle.dbtools.crest.model.design.logical.Relation" name="TAKES_PLACE" directorySegmentName="seg_0" id="212BCF19-95D3-0723-DA16-57A1642EE1D2">
<createdBy>mannannlegur</createdBy>
<createdTime>2016-03-13 22:45:19 UTC</createdTime>
<ownerDesignName>MusicWorld</ownerDesignName>
<engineerTo>
<item key="BC7DC5D8-8C43-0E19-D699-1B5F70B287DB" value="true"/>
</engineerTo>
<sourcePk>B0F0E82E-0B36-6431-A0E1-D7676407AFB3</sourcePk>
<identifying>true</identifying>
<nameOnSource>what</nameOnSource>
<nameOnTarget>where</nameOnTarget>
<optionalSource>true</optionalSource>
<optionalTarget>false</optionalTarget>
<sourceCardinality>1</sourceCardinality>
<sourceEntity>A94ACB62-428D-1DBB-CB2F-C8C8047E988E</sourceEntity>
<targetCardinalityString>*</targetCardinalityString>
<targetEntity>445CA9CA-5F9C-5695-C721-7C362F8999F8</targetEntity>
<transferable>true</transferable>
<deleteRule>NO ACTION</deleteRule>
</Relation>