<?xml version = '1.0' encoding = 'UTF-8'?>
<Relation class="oracle.dbtools.crest.model.design.logical.Relation" name="Relation_20" directorySegmentName="seg_0" id="2FBA54E5-AA45-0817-ABA4-5DDA1613D9DF">
<createdBy>mannannlegur</createdBy>
<createdTime>2016-04-13 11:39:27 UTC</createdTime>
<ownerDesignName>MusicWorld</ownerDesignName>
<engineerTo>
<item key="BC7DC5D8-8C43-0E19-D699-1B5F70B287DB" value="true"/>
</engineerTo>
<sourcePk>2A35D6B0-E456-01C2-1634-D82C44E32273</sourcePk>
<targetPk>CFFB6430-6007-9C8E-8263-4C1D35745A09</targetPk>
<identifying>true</identifying>
<nameOnSource>is_musician</nameOnSource>
<optionalSource>true</optionalSource>
<optionalTarget>false</optionalTarget>
<sourceCardinality>1</sourceCardinality>
<sourceEntity>A7442A40-A9C2-2C81-ED4F-CA1620A074B1</sourceEntity>
<targetCardinalityString>1</targetCardinalityString>
<targetEntity>2881555A-76CE-5B98-E985-B68DBF29FDB3</targetEntity>
<transferable>true</transferable>
<deleteRule>NO ACTION</deleteRule>
</Relation>