<?xml version = '1.0' encoding = 'UTF-8'?>
<Relation class="oracle.dbtools.crest.model.design.logical.Relation" name="Relation_13" directorySegmentName="seg_0" id="4AB4E3B9-7187-E22D-291E-27DDE751555C">
<createdBy>mannannlegur</createdBy>
<createdTime>2016-04-13 11:07:06 UTC</createdTime>
<ownerDesignName>MusicWorld</ownerDesignName>
<engineerTo>
<item key="BC7DC5D8-8C43-0E19-D699-1B5F70B287DB" value="true"/>
</engineerTo>
<sourcePk>5FF8DC5F-8DB9-8B31-2F9E-34421926B083</sourcePk>
<identifying>true</identifying>
<optionalSource>false</optionalSource>
<optionalTarget>false</optionalTarget>
<sourceCardinality>1</sourceCardinality>
<sourceEntity>F82C5F43-77DB-1349-E015-57BFB1B88B7D</sourceEntity>
<targetCardinalityString>*</targetCardinalityString>
<targetEntity>E78A2C1A-97ED-8BAA-CE2A-AFE43FE78CDD</targetEntity>
<transferable>true</transferable>
<deleteRule>NO ACTION</deleteRule>
</Relation>