<?xml version = '1.0' encoding = 'UTF-8'?>
<Relation class="oracle.dbtools.crest.model.design.logical.Relation" name="HAS_INSTRUMENT" directorySegmentName="seg_0" id="5AB4B013-F9DB-685E-4BC0-DE6F55369F10">
<createdBy>mannannlegur</createdBy>
<createdTime>2016-03-13 22:30:57 UTC</createdTime>
<ownerDesignName>MusicWorld</ownerDesignName>
<engineerTo>
<item key="BC7DC5D8-8C43-0E19-D699-1B5F70B287DB" value="true"/>
</engineerTo>
<sourcePk>CFFB6430-6007-9C8E-8263-4C1D35745A09</sourcePk>
<identifying>false</identifying>
<nameOnSource>plays_on</nameOnSource>
<nameOnTarget>owner</nameOnTarget>
<optionalSource>true</optionalSource>
<optionalTarget>false</optionalTarget>
<sourceCardinality>1</sourceCardinality>
<sourceEntity>2881555A-76CE-5B98-E985-B68DBF29FDB3</sourceEntity>
<targetCardinalityString>*</targetCardinalityString>
<targetEntity>9685FC86-C7BE-3033-5727-43CF5EC7C80F</targetEntity>
<transferable>true</transferable>
<deleteRule>NO ACTION</deleteRule>
</Relation>