<?xml version = '1.0' encoding = 'UTF-8'?>
<Relation class="oracle.dbtools.crest.model.design.logical.Relation" name="Relation_14" directorySegmentName="seg_0" id="76C720D2-9C29-1BAA-7165-C5C1E52B1B34">
<createdBy>mannannlegur</createdBy>
<createdTime>2016-04-13 11:07:13 UTC</createdTime>
<ownerDesignName>MusicWorld</ownerDesignName>
<engineerTo>
<item key="BC7DC5D8-8C43-0E19-D699-1B5F70B287DB" value="true"/>
</engineerTo>
<sourcePk>CFFB6430-6007-9C8E-8263-4C1D35745A09</sourcePk>
<identifying>true</identifying>
<optionalSource>true</optionalSource>
<optionalTarget>false</optionalTarget>
<sourceCardinality>1</sourceCardinality>
<sourceEntity>2881555A-76CE-5B98-E985-B68DBF29FDB3</sourceEntity>
<targetCardinalityString>*</targetCardinalityString>
<targetEntity>E78A2C1A-97ED-8BAA-CE2A-AFE43FE78CDD</targetEntity>
<transferable>true</transferable>
<deleteRule>NO ACTION</deleteRule>
</Relation>