<?xml version = '1.0' encoding = 'UTF-8'?>
<Relation class="oracle.dbtools.crest.model.design.logical.Relation" name="Relation_17" directorySegmentName="seg_0" id="7D5A0E2E-B303-D134-F9AF-003D8C75731C">
<createdBy>mannannlegur</createdBy>
<createdTime>2016-04-13 11:09:26 UTC</createdTime>
<ownerDesignName>MusicWorld</ownerDesignName>
<engineerTo>
<item key="BC7DC5D8-8C43-0E19-D699-1B5F70B287DB" value="true"/>
</engineerTo>
<sourcePk>2A35D6B0-E456-01C2-1634-D82C44E32273</sourcePk>
<identifying>true</identifying>
<optionalSource>true</optionalSource>
<optionalTarget>false</optionalTarget>
<sourceCardinality>1</sourceCardinality>
<sourceEntity>A7442A40-A9C2-2C81-ED4F-CA1620A074B1</sourceEntity>
<targetCardinalityString>*</targetCardinalityString>
<targetEntity>F17AF1DD-6665-2A88-C7E0-718948C6FC3C</targetEntity>
<transferable>true</transferable>
<deleteRule>NO ACTION</deleteRule>
</Relation>