<?xml version = '1.0' encoding = 'UTF-8'?>
<Relation class="oracle.dbtools.crest.model.design.logical.Relation" name="Relation_18" directorySegmentName="seg_0" id="80ADB579-CFDD-17CA-F2C8-6D71B7291948">
<createdBy>mannannlegur</createdBy>
<createdTime>2016-04-13 11:09:30 UTC</createdTime>
<ownerDesignName>MusicWorld</ownerDesignName>
<engineerTo>
<item key="BC7DC5D8-8C43-0E19-D699-1B5F70B287DB" value="true"/>
</engineerTo>
<sourcePk>5FF8DC5F-8DB9-8B31-2F9E-34421926B083</sourcePk>
<identifying>true</identifying>
<optionalSource>true</optionalSource>
<optionalTarget>false</optionalTarget>
<sourceCardinality>1</sourceCardinality>
<sourceEntity>F82C5F43-77DB-1349-E015-57BFB1B88B7D</sourceEntity>
<targetCardinalityString>*</targetCardinalityString>
<targetEntity>F17AF1DD-6665-2A88-C7E0-718948C6FC3C</targetEntity>
<transferable>true</transferable>
<deleteRule>NO ACTION</deleteRule>
</Relation>