<?xml version = '1.0' encoding = 'UTF-8'?>
<Relation class="oracle.dbtools.crest.model.design.logical.Relation" name="Relation_15" directorySegmentName="seg_0" id="91F16298-F37A-E37D-0B91-6010CFDDF9A4">
<createdBy>mannannlegur</createdBy>
<createdTime>2016-04-13 11:08:10 UTC</createdTime>
<ownerDesignName>MusicWorld</ownerDesignName>
<engineerTo>
<item key="BC7DC5D8-8C43-0E19-D699-1B5F70B287DB" value="true"/>
</engineerTo>
<sourcePk>57FA7C27-2FC4-8B8B-E8D4-2BF3697639B3</sourcePk>
<identifying>true</identifying>
<optionalSource>true</optionalSource>
<optionalTarget>false</optionalTarget>
<sourceCardinality>1</sourceCardinality>
<sourceEntity>445CA9CA-5F9C-5695-C721-7C362F8999F8</sourceEntity>
<targetCardinalityString>*</targetCardinalityString>
<targetEntity>1001FCDE-CE83-493A-68E6-0A1BB73FA75B</targetEntity>
<transferable>true</transferable>
<deleteRule>NO ACTION</deleteRule>
</Relation>