<?xml version = '1.0' encoding = 'UTF-8'?>
<Relation class="oracle.dbtools.crest.model.design.logical.Relation" name="Relation_16" directorySegmentName="seg_0" id="A1E3E06E-4F51-DA03-CF33-9774FB3F4EF8">
<createdBy>mannannlegur</createdBy>
<createdTime>2016-04-13 11:08:15 UTC</createdTime>
<ownerDesignName>MusicWorld</ownerDesignName>
<engineerTo>
<item key="BC7DC5D8-8C43-0E19-D699-1B5F70B287DB" value="true"/>
</engineerTo>
<sourcePk>5FF8DC5F-8DB9-8B31-2F9E-34421926B083</sourcePk>
<identifying>true</identifying>
<optionalSource>true</optionalSource>
<optionalTarget>false</optionalTarget>
<sourceCardinality>1</sourceCardinality>
<sourceEntity>F82C5F43-77DB-1349-E015-57BFB1B88B7D</sourceEntity>
<targetCardinalityString>*</targetCardinalityString>
<targetEntity>1001FCDE-CE83-493A-68E6-0A1BB73FA75B</targetEntity>
<transferable>true</transferable>
<deleteRule>NO ACTION</deleteRule>
</Relation>