<?xml version = '1.0' encoding = 'UTF-8'?>
<Relation class="oracle.dbtools.crest.model.design.logical.Relation" name="Relation_11" directorySegmentName="seg_0" id="A25A720E-AEFF-3D97-CA39-CAD70BD007B2">
<createdBy>mannannlegur</createdBy>
<createdTime>2016-04-13 11:05:56 UTC</createdTime>
<ownerDesignName>MusicWorld</ownerDesignName>
<engineerTo>
<item key="BC7DC5D8-8C43-0E19-D699-1B5F70B287DB" value="true"/>
</engineerTo>
<sourcePk>57FA7C27-2FC4-8B8B-E8D4-2BF3697639B3</sourcePk>
<identifying>true</identifying>
<optionalSource>true</optionalSource>
<optionalTarget>false</optionalTarget>
<sourceCardinality>1</sourceCardinality>
<sourceEntity>445CA9CA-5F9C-5695-C721-7C362F8999F8</sourceEntity>
<targetCardinalityString>*</targetCardinalityString>
<targetEntity>95A589C1-653D-E821-2DD7-642C0F608A3C</targetEntity>
<transferable>true</transferable>
<deleteRule>NO ACTION</deleteRule>
</Relation>