<?xml version = '1.0' encoding = 'UTF-8'?>
<Relation class="oracle.dbtools.crest.model.design.logical.Relation" name="Relation_12" directorySegmentName="seg_0" id="E9370ECE-1139-A04B-782F-6AEF034A33AF">
<createdBy>mannannlegur</createdBy>
<createdTime>2016-04-13 11:06:01 UTC</createdTime>
<ownerDesignName>MusicWorld</ownerDesignName>
<engineerTo>
<item key="BC7DC5D8-8C43-0E19-D699-1B5F70B287DB" value="true"/>
</engineerTo>
<sourcePk>2A35D6B0-E456-01C2-1634-D82C44E32273</sourcePk>
<identifying>true</identifying>
<optionalSource>true</optionalSource>
<optionalTarget>false</optionalTarget>
<sourceCardinality>1</sourceCardinality>
<sourceEntity>A7442A40-A9C2-2C81-ED4F-CA1620A074B1</sourceEntity>
<targetCardinalityString>*</targetCardinalityString>
<targetEntity>95A589C1-653D-E821-2DD7-642C0F608A3C</targetEntity>
<transferable>true</transferable>
<deleteRule>NO ACTION</deleteRule>
</Relation>