<?xml version = '1.0' encoding = 'UTF-8'?>
<Relation class="oracle.dbtools.crest.model.design.logical.Relation" name="HAS_SONG" directorySegmentName="seg_0" id="FBF2192C-C692-E3A8-28A4-F046BD8727C6">
<createdBy>mannannlegur</createdBy>
<createdTime>2016-03-13 22:36:24 UTC</createdTime>
<ownerDesignName>MusicWorld</ownerDesignName>
<engineerTo>
<item key="BC7DC5D8-8C43-0E19-D699-1B5F70B287DB" value="true"/>
</engineerTo>
<sourcePk>5FF8DC5F-8DB9-8B31-2F9E-34421926B083</sourcePk>
<targetPk>7358E72F-36ED-98F7-B3A6-E206BD8FBC8A</targetPk>
<identifying>true</identifying>
<nameOnSource>wrote</nameOnSource>
<nameOnTarget>is_written_by</nameOnTarget>
<optionalSource>true</optionalSource>
<optionalTarget>false</optionalTarget>
<sourceCardinality>1</sourceCardinality>
<sourceEntity>F82C5F43-77DB-1349-E015-57BFB1B88B7D</sourceEntity>
<targetCardinalityString>*</targetCardinalityString>
<targetEntity>AB970D40-2AFD-9DF1-DA18-7D664CE4F75B</targetEntity>
<transferable>true</transferable>
<deleteRule>NO ACTION</deleteRule>
</Relation>