<?xml version = '1.0' encoding = 'UTF-8'?>
<Entity class="oracle.dbtools.crest.model.design.logical.Entity" directorySegmentName="seg_0" id="1001FCDE-CE83-493A-68E6-0A1BB73FA75B" name="PERFORMANCE">
<createdBy>mannannlegur</createdBy>
<createdTime>2016-04-13 11:07:40 UTC</createdTime>
<ownerDesignName>MusicWorld</ownerDesignName>
<engineerTo>
<item key="BC7DC5D8-8C43-0E19-D699-1B5F70B287DB" value="true"/>
</engineerTo>
<adequatelyNormalized>NO</adequatelyNormalized>
<expectedVolumes>0</expectedVolumes>
<fwdEngineeringStrategyName>Single Table</fwdEngineeringStrategyName>
<growthPercent>0</growthPercent>
<growthType>Year</growthType>
<maxVolumes>9999999</maxVolumes>
<minVolumes>0</minVolumes>
<normalForm>Third</normalForm>
<attributes itemClass="oracle.dbtools.crest.model.design.logical.Attribute">
<Attribute name="ADDRESS" id="4300F855-92F6-7D98-6C72-C32FFB32C86E">
<createdBy>mannannlegur</createdBy>
<createdTime>2016-04-13 11:08:10 UTC</createdTime>
<generatorID>91F16298-F37A-E37D-0B91-6010CFDDF9A4</generatorID>
<ownerDesignName>MusicWorld</ownerDesignName>
<engineerTo>
<item key="BC7DC5D8-8C43-0E19-D699-1B5F70B287DB" value="true"/>
</engineerTo>
<referedAttribute>31A45EF9-F6BC-124C-BEAF-0729B0175D5F</referedAttribute>
<useDomainConstraints>false</useDomainConstraints>
<use>1</use>
<logicalDatatype>LOGDT025</logicalDatatype>
<dataTypeSize>100 CHAR</dataTypeSize>
<ownDataTypeParameters>100 CHAR,,</ownDataTypeParameters>
</Attribute>
<Attribute name="DATETIME_START" id="122639E0-383A-4BEB-9967-7CB11C8858FA">
<createdBy>mannannlegur</createdBy>
<createdTime>2016-04-13 11:08:10 UTC</createdTime>
<generatorID>91F16298-F37A-E37D-0B91-6010CFDDF9A4</generatorID>
<ownerDesignName>MusicWorld</ownerDesignName>
<engineerTo>
<item key="BC7DC5D8-8C43-0E19-D699-1B5F70B287DB" value="true"/>
</engineerTo>
<referedAttribute>7995CB7E-8EA2-0C85-7527-2C7D012DFF0A</referedAttribute>
<useDomainConstraints>false</useDomainConstraints>
<use>1</use>
<logicalDatatype>LOGDT038</logicalDatatype>
<ownDataTypeParameters>,,</ownDataTypeParameters>
</Attribute>
<Attribute name="NAME" id="7512E1A5-8C3C-ABEA-D8BB-15F002190D52">
<createdBy>mannannlegur</createdBy>
<createdTime>2016-04-13 11:08:15 UTC</createdTime>
<generatorID>A1E3E06E-4F51-DA03-CF33-9774FB3F4EF8</generatorID>
<ownerDesignName>MusicWorld</ownerDesignName>
<engineerTo>
<item key="BC7DC5D8-8C43-0E19-D699-1B5F70B287DB" value="true"/>
</engineerTo>
<referedAttribute>D92D8ED5-F608-2001-2FE3-529DC7CC9A7E</referedAttribute>
<useDomainConstraints>false</useDomainConstraints>
<use>1</use>
<logicalDatatype>LOGDT025</logicalDatatype>
<dataTypeSize>50 CHAR</dataTypeSize>
<ownDataTypeParameters>50 CHAR,,</ownDataTypeParameters>
</Attribute>
</attributes>
<identifiers itemClass="oracle.dbtools.crest.model.design.logical.CandidateKey">
<identifier id="7A81F83A-4A64-41BC-D616-F40FB67D45D9" name="PERFORMANCE PK">
<createdBy>mannannlegur</createdBy>
<createdTime>2016-04-13 11:13:05 UTC</createdTime>
<ownerDesignName>MusicWorld</ownerDesignName>
<engineerTo>
<item key="BC7DC5D8-8C43-0E19-D699-1B5F70B287DB" value="true"/>
</engineerTo>
<pk>true</pk>
<usedAttributes>
<attributeRef>4300F855-92F6-7D98-6C72-C32FFB32C86E</attributeRef>
<attributeRef>122639E0-383A-4BEB-9967-7CB11C8858FA</attributeRef>
<attributeRef>7512E1A5-8C3C-ABEA-D8BB-15F002190D52</attributeRef>
</usedAttributes>
</identifier>
</identifiers>
</Entity>