<?xml version = '1.0' encoding = 'UTF-8'?>
<Entity class="oracle.dbtools.crest.model.design.logical.Entity" directorySegmentName="seg_0" id="2881555A-76CE-5B98-E985-B68DBF29FDB3" name="MUSICIAN">
<createdBy>mannannlegur</createdBy>
<createdTime>2016-03-13 22:06:13 UTC</createdTime>
<ownerDesignName>MusicWorld</ownerDesignName>
<engineerTo>
<item key="BC7DC5D8-8C43-0E19-D699-1B5F70B287DB" value="true"/>
</engineerTo>
<adequatelyNormalized>NO</adequatelyNormalized>
<expectedVolumes>0</expectedVolumes>
<fwdEngineeringStrategyName>Single Table</fwdEngineeringStrategyName>
<growthPercent>0</growthPercent>
<growthType>Year</growthType>
<maxVolumes>9999999</maxVolumes>
<minVolumes>0</minVolumes>
<normalForm>Third</normalForm>
<shortName>MUS</shortName>
<attributes itemClass="oracle.dbtools.crest.model.design.logical.Attribute">
<Attribute name="ROLE" id="8DB239DE-74EC-CCC6-C822-6698E6FF67C7">
<createdBy>mannannlegur</createdBy>
<createdTime>2016-03-13 22:06:38 UTC</createdTime>
<ownerDesignName>MusicWorld</ownerDesignName>
<engineerTo>
<item key="BC7DC5D8-8C43-0E19-D699-1B5F70B287DB" value="true"/>
</engineerTo>
<useDomainConstraints>false</useDomainConstraints>
<use>1</use>
<logicalDatatype>LOGDT025</logicalDatatype>
<dataTypeSize>20 CHAR</dataTypeSize>
<ownDataTypeParameters>20 CHAR,,</ownDataTypeParameters>
</Attribute>
<Attribute name="FAN_ID" id="9BA41347-18A8-B4B6-EC28-6CC2A9CDDB7F">
<createdBy>mannannlegur</createdBy>
<createdTime>2016-04-13 11:39:27 UTC</createdTime>
<generatorID>2FBA54E5-AA45-0817-ABA4-5DDA1613D9DF</generatorID>
<ownerDesignName>MusicWorld</ownerDesignName>
<engineerTo>
<item key="BC7DC5D8-8C43-0E19-D699-1B5F70B287DB" value="true"/>
</engineerTo>
<referedAttribute>67491FE2-220F-E0E5-E27B-44995D59E812</referedAttribute>
<useDomainConstraints>false</useDomainConstraints>
<use>1</use>
<logicalDatatype>LOGDT011</logicalDatatype>
<ownDataTypeParameters>,,</ownDataTypeParameters>
</Attribute>
</attributes>
<identifiers itemClass="oracle.dbtools.crest.model.design.logical.CandidateKey">
<identifier id="CFFB6430-6007-9C8E-8263-4C1D35745A09" name="MUSICIAN PK">
<createdBy>mannannlegur</createdBy>
<createdTime>2016-03-13 22:23:51 UTC</createdTime>
<ownerDesignName>MusicWorld</ownerDesignName>
<engineerTo>
<item key="BC7DC5D8-8C43-0E19-D699-1B5F70B287DB" value="true"/>
</engineerTo>
<pk>true</pk>
<usedAttributes>
<attributeRef>9BA41347-18A8-B4B6-EC28-6CC2A9CDDB7F</attributeRef>
</usedAttributes>
</identifier>
</identifiers>
</Entity>