<?xml version = '1.0' encoding = 'UTF-8'?>
<Entity class="oracle.dbtools.crest.model.design.logical.Entity" directorySegmentName="seg_0" id="445CA9CA-5F9C-5695-C721-7C362F8999F8" name="CONCERT">
<createdBy>mannannlegur</createdBy>
<createdTime>2016-03-13 22:39:07 UTC</createdTime>
<ownerDesignName>MusicWorld</ownerDesignName>
<engineerTo>
<item key="BC7DC5D8-8C43-0E19-D699-1B5F70B287DB" value="true"/>
</engineerTo>
<adequatelyNormalized>NO</adequatelyNormalized>
<expectedVolumes>0</expectedVolumes>
<fwdEngineeringStrategyName>Single Table</fwdEngineeringStrategyName>
<growthPercent>0</growthPercent>
<growthType>Year</growthType>
<maxVolumes>9999999</maxVolumes>
<minVolumes>0</minVolumes>
<normalForm>Third</normalForm>
<attributes itemClass="oracle.dbtools.crest.model.design.logical.Attribute">
<Attribute name="DATETIME_START" id="7995CB7E-8EA2-0C85-7527-2C7D012DFF0A">
<createdBy>mannannlegur</createdBy>
<createdTime>2016-03-13 22:39:36 UTC</createdTime>
<ownerDesignName>MusicWorld</ownerDesignName>
<engineerTo>
<item key="BC7DC5D8-8C43-0E19-D699-1B5F70B287DB" value="true"/>
</engineerTo>
<useDomainConstraints>false</useDomainConstraints>
<use>1</use>
<logicalDatatype>LOGDT038</logicalDatatype>
<ownDataTypeParameters>,,</ownDataTypeParameters>
</Attribute>
<Attribute name="DATETIME_END" id="8D934779-1EB1-E9BF-786D-704D66005A74">
<createdBy>mannannlegur</createdBy>
<createdTime>2016-03-13 22:39:51 UTC</createdTime>
<ownerDesignName>MusicWorld</ownerDesignName>
<engineerTo>
<item key="BC7DC5D8-8C43-0E19-D699-1B5F70B287DB" value="true"/>
</engineerTo>
<useDomainConstraints>false</useDomainConstraints>
<use>1</use>
<logicalDatatype>LOGDT038</logicalDatatype>
<ownDataTypeParameters>,,</ownDataTypeParameters>
</Attribute>
<Attribute name="NAME" id="4BA6D27D-5E12-106B-ABDA-282A6D352B23">
<createdBy>mannannlegur</createdBy>
<createdTime>2016-03-13 22:41:14 UTC</createdTime>
<ownerDesignName>MusicWorld</ownerDesignName>
<engineerTo>
<item key="BC7DC5D8-8C43-0E19-D699-1B5F70B287DB" value="true"/>
</engineerTo>
<nullsAllowed>true</nullsAllowed>
<useDomainConstraints>false</useDomainConstraints>
<use>1</use>
<logicalDatatype>LOGDT025</logicalDatatype>
<dataTypeSize>50 CHAR</dataTypeSize>
<ownDataTypeParameters>50 CHAR,,</ownDataTypeParameters>
</Attribute>
<Attribute name="TICKET_PRICE" id="B3D2722D-AACA-9E8B-BCD1-67497D4DC929">
<createdBy>mannannlegur</createdBy>
<createdTime>2016-03-13 23:24:04 UTC</createdTime>
<ownerDesignName>MusicWorld</ownerDesignName>
<engineerTo>
<item key="BC7DC5D8-8C43-0E19-D699-1B5F70B287DB" value="true"/>
</engineerTo>
<useDomainConstraints>false</useDomainConstraints>
<use>1</use>
<logicalDatatype>LOGDT011</logicalDatatype>
<ownDataTypeParameters>,,</ownDataTypeParameters>
</Attribute>
<Attribute name="ADDRESS" id="31A45EF9-F6BC-124C-BEAF-0729B0175D5F">
<createdBy>mannannlegur</createdBy>
<createdTime>2016-03-13 22:45:19 UTC</createdTime>
<generatorID>212BCF19-95D3-0723-DA16-57A1642EE1D2</generatorID>
<ownerDesignName>MusicWorld</ownerDesignName>
<engineerTo>
<item key="BC7DC5D8-8C43-0E19-D699-1B5F70B287DB" value="true"/>
</engineerTo>
<referedAttribute>CA62F48B-D3D5-F307-9F5C-2549B6450D0F</referedAttribute>
<useDomainConstraints>false</useDomainConstraints>
<use>1</use>
<logicalDatatype>LOGDT025</logicalDatatype>
<dataTypeSize>100 CHAR</dataTypeSize>
<ownDataTypeParameters>100 CHAR,,</ownDataTypeParameters>
</Attribute>
</attributes>
<identifiers itemClass="oracle.dbtools.crest.model.design.logical.CandidateKey">
<identifier id="57FA7C27-2FC4-8B8B-E8D4-2BF3697639B3" name="GIG PK">
<createdBy>mannannlegur</createdBy>
<createdTime>2016-03-13 22:39:34 UTC</createdTime>
<ownerDesignName>MusicWorld</ownerDesignName>
<engineerTo>
<item key="BC7DC5D8-8C43-0E19-D699-1B5F70B287DB" value="true"/>
</engineerTo>
<pk>true</pk>
<usedAttributes>
<attributeRef>31A45EF9-F6BC-124C-BEAF-0729B0175D5F</attributeRef>
<attributeRef>7995CB7E-8EA2-0C85-7527-2C7D012DFF0A</attributeRef>
</usedAttributes>
</identifier>
</identifiers>
</Entity>