<?xml version = '1.0' encoding = 'UTF-8'?>
<Entity class="oracle.dbtools.crest.model.design.logical.Entity" directorySegmentName="seg_0" id="95A589C1-653D-E821-2DD7-642C0F608A3C" name="HAVING_FUN">
<createdBy>mannannlegur</createdBy>
<createdTime>2016-04-13 11:05:28 UTC</createdTime>
<ownerDesignName>MusicWorld</ownerDesignName>
<engineerTo>
<item key="BC7DC5D8-8C43-0E19-D699-1B5F70B287DB" value="true"/>
</engineerTo>
<adequatelyNormalized>NO</adequatelyNormalized>
<expectedVolumes>0</expectedVolumes>
<fwdEngineeringStrategyName>Single Table</fwdEngineeringStrategyName>
<growthPercent>0</growthPercent>
<growthType>Year</growthType>
<maxVolumes>9999999</maxVolumes>
<minVolumes>0</minVolumes>
<normalForm>Third</normalForm>
<attributes itemClass="oracle.dbtools.crest.model.design.logical.Attribute">
<Attribute name="ADDRESS" id="EE8F359A-B38B-CA39-DD7C-5FF456D73A70">
<createdBy>mannannlegur</createdBy>
<createdTime>2016-04-13 11:05:56 UTC</createdTime>
<generatorID>A25A720E-AEFF-3D97-CA39-CAD70BD007B2</generatorID>
<ownerDesignName>MusicWorld</ownerDesignName>
<engineerTo>
<item key="BC7DC5D8-8C43-0E19-D699-1B5F70B287DB" value="true"/>
</engineerTo>
<referedAttribute>31A45EF9-F6BC-124C-BEAF-0729B0175D5F</referedAttribute>
<useDomainConstraints>false</useDomainConstraints>
<use>1</use>
<logicalDatatype>LOGDT025</logicalDatatype>
<dataTypeSize>100 CHAR</dataTypeSize>
<ownDataTypeParameters>100 CHAR,,</ownDataTypeParameters>
</Attribute>
<Attribute name="DATETIME_START" id="557A3F6A-9B6B-E43F-CED8-E936868CC424">
<createdBy>mannannlegur</createdBy>
<createdTime>2016-04-13 11:05:56 UTC</createdTime>
<generatorID>A25A720E-AEFF-3D97-CA39-CAD70BD007B2</generatorID>
<ownerDesignName>MusicWorld</ownerDesignName>
<engineerTo>
<item key="BC7DC5D8-8C43-0E19-D699-1B5F70B287DB" value="true"/>
</engineerTo>
<referedAttribute>7995CB7E-8EA2-0C85-7527-2C7D012DFF0A</referedAttribute>
<useDomainConstraints>false</useDomainConstraints>
<use>1</use>
<logicalDatatype>LOGDT038</logicalDatatype>
<ownDataTypeParameters>,,</ownDataTypeParameters>
</Attribute>
<Attribute name="FAN_ID" id="E04C94D2-ACFE-1C37-6595-2CBB687682E9">
<createdBy>mannannlegur</createdBy>
<createdTime>2016-04-13 11:06:01 UTC</createdTime>
<generatorID>E9370ECE-1139-A04B-782F-6AEF034A33AF</generatorID>
<ownerDesignName>MusicWorld</ownerDesignName>
<engineerTo>
<item key="BC7DC5D8-8C43-0E19-D699-1B5F70B287DB" value="true"/>
</engineerTo>
<referedAttribute>67491FE2-220F-E0E5-E27B-44995D59E812</referedAttribute>
<useDomainConstraints>false</useDomainConstraints>
<use>1</use>
<logicalDatatype>LOGDT011</logicalDatatype>
<ownDataTypeParameters>,,</ownDataTypeParameters>
</Attribute>
</attributes>
<identifiers itemClass="oracle.dbtools.crest.model.design.logical.CandidateKey">
<identifier id="8D3BA3DE-A1C6-F09A-3E2D-8BBFAD8879ED" name="HAVING_FUN PK">
<createdBy>mannannlegur</createdBy>
<createdTime>2016-04-13 11:13:27 UTC</createdTime>
<ownerDesignName>MusicWorld</ownerDesignName>
<engineerTo>
<item key="BC7DC5D8-8C43-0E19-D699-1B5F70B287DB" value="true"/>
</engineerTo>
<pk>true</pk>
<usedAttributes>
<attributeRef>E04C94D2-ACFE-1C37-6595-2CBB687682E9</attributeRef>
<attributeRef>EE8F359A-B38B-CA39-DD7C-5FF456D73A70</attributeRef>
<attributeRef>557A3F6A-9B6B-E43F-CED8-E936868CC424</attributeRef>
</usedAttributes>
</identifier>
</identifiers>
</Entity>