<?xml version = '1.0' encoding = 'UTF-8'?>
<Entity class="oracle.dbtools.crest.model.design.logical.Entity" directorySegmentName="seg_0" id="9685FC86-C7BE-3033-5727-43CF5EC7C80F" name="MUS_INST">
<createdBy>mannannlegur</createdBy>
<createdTime>2016-03-13 22:28:59 UTC</createdTime>
<ownerDesignName>MusicWorld</ownerDesignName>
<engineerTo>
<item key="BC7DC5D8-8C43-0E19-D699-1B5F70B287DB" value="true"/>
</engineerTo>
<adequatelyNormalized>NO</adequatelyNormalized>
<expectedVolumes>0</expectedVolumes>
<fwdEngineeringStrategyName>Single Table</fwdEngineeringStrategyName>
<growthPercent>0</growthPercent>
<growthType>Year</growthType>
<maxVolumes>9999999</maxVolumes>
<minVolumes>0</minVolumes>
<normalForm>Third</normalForm>
<shortName>INSTRUMENT</shortName>
<attributes itemClass="oracle.dbtools.crest.model.design.logical.Attribute">
<Attribute name="INS_ID" id="BCB0B542-2FA4-2C5A-3E68-DFB69FCA7CEB">
<createdBy>mannannlegur</createdBy>
<createdTime>2016-03-16 20:07:37 UTC</createdTime>
<ownerDesignName>MusicWorld</ownerDesignName>
<engineerTo>
<item key="BC7DC5D8-8C43-0E19-D699-1B5F70B287DB" value="true"/>
</engineerTo>
<useDomainConstraints>false</useDomainConstraints>
<use>1</use>
<logicalDatatype>LOGDT011</logicalDatatype>
<ownDataTypeParameters>,,</ownDataTypeParameters>
</Attribute>
<Attribute name="NAME" id="57568198-C95E-DD8E-620B-10FDD4508BB1">
<createdBy>mannannlegur</createdBy>
<createdTime>2016-03-13 22:29:54 UTC</createdTime>
<ownerDesignName>MusicWorld</ownerDesignName>
<engineerTo>
<item key="BC7DC5D8-8C43-0E19-D699-1B5F70B287DB" value="true"/>
</engineerTo>
<nullsAllowed>true</nullsAllowed>
<useDomainConstraints>false</useDomainConstraints>
<use>1</use>
<logicalDatatype>LOGDT025</logicalDatatype>
<dataTypeSize>30 CHAR</dataTypeSize>
<ownDataTypeParameters>30 CHAR,,</ownDataTypeParameters>
</Attribute>
<Attribute name="FAN_ID" id="C71ED864-5DA9-C342-B3C5-1D21F87C88CD">
<createdBy>mannannlegur</createdBy>
<createdTime>2016-05-10 22:05:18 UTC</createdTime>
<generatorID>5AB4B013-F9DB-685E-4BC0-DE6F55369F10</generatorID>
<ownerDesignName>MusicWorld</ownerDesignName>
<engineerTo>
<item key="BC7DC5D8-8C43-0E19-D699-1B5F70B287DB" value="true"/>
</engineerTo>
<referedAttribute>9BA41347-18A8-B4B6-EC28-6CC2A9CDDB7F</referedAttribute>
<useDomainConstraints>false</useDomainConstraints>
<use>1</use>
<logicalDatatype>LOGDT011</logicalDatatype>
<ownDataTypeParameters>,,</ownDataTypeParameters>
</Attribute>
</attributes>
<identifiers itemClass="oracle.dbtools.crest.model.design.logical.CandidateKey">
<identifier id="4F7EB014-BF3B-B1D9-9B6B-A55D9059D46C" name="MUSICAL_INSTRUMENT PK">
<createdBy>mannannlegur</createdBy>
<createdTime>2016-03-13 22:30:08 UTC</createdTime>
<ownerDesignName>MusicWorld</ownerDesignName>
<engineerTo>
<item key="BC7DC5D8-8C43-0E19-D699-1B5F70B287DB" value="true"/>
</engineerTo>
<pk>true</pk>
<usedAttributes>
<attributeRef>BCB0B542-2FA4-2C5A-3E68-DFB69FCA7CEB</attributeRef>
</usedAttributes>
</identifier>
</identifiers>
</Entity>