<?xml version = '1.0' encoding = 'UTF-8'?>
<Entity class="oracle.dbtools.crest.model.design.logical.Entity" directorySegmentName="seg_0" id="AB970D40-2AFD-9DF1-DA18-7D664CE4F75B" name="SONG">
<createdBy>mannannlegur</createdBy>
<createdTime>2016-03-13 22:33:34 UTC</createdTime>
<ownerDesignName>MusicWorld</ownerDesignName>
<engineerTo>
<item key="BC7DC5D8-8C43-0E19-D699-1B5F70B287DB" value="true"/>
</engineerTo>
<adequatelyNormalized>NO</adequatelyNormalized>
<expectedVolumes>0</expectedVolumes>
<fwdEngineeringStrategyName>Single Table</fwdEngineeringStrategyName>
<growthPercent>0</growthPercent>
<growthType>Year</growthType>
<maxVolumes>9999999</maxVolumes>
<minVolumes>0</minVolumes>
<normalForm>Third</normalForm>
<attributes itemClass="oracle.dbtools.crest.model.design.logical.Attribute">
<Attribute name="SONG_NAME" id="7F105DD4-E13E-72F5-160B-87C869F2ACC2">
<createdBy>mannannlegur</createdBy>
<createdTime>2016-03-13 22:33:45 UTC</createdTime>
<ownerDesignName>MusicWorld</ownerDesignName>
<engineerTo>
<item key="BC7DC5D8-8C43-0E19-D699-1B5F70B287DB" value="true"/>
</engineerTo>
<useDomainConstraints>false</useDomainConstraints>
<use>1</use>
<logicalDatatype>LOGDT024</logicalDatatype>
<dataTypeSize>50 CHAR</dataTypeSize>
<ownDataTypeParameters>50 CHAR,,</ownDataTypeParameters>
</Attribute>
<Attribute name="ALBUM" id="BF0FAFB3-7456-98E7-8869-FD7FABFCE29D">
<createdBy>mannannlegur</createdBy>
<createdTime>2016-03-13 22:34:18 UTC</createdTime>
<ownerDesignName>MusicWorld</ownerDesignName>
<engineerTo>
<item key="BC7DC5D8-8C43-0E19-D699-1B5F70B287DB" value="true"/>
</engineerTo>
<useDomainConstraints>false</useDomainConstraints>
<use>1</use>
<logicalDatatype>LOGDT024</logicalDatatype>
<dataTypeSize>50 CHAR</dataTypeSize>
<ownDataTypeParameters>50 CHAR,,</ownDataTypeParameters>
</Attribute>
<Attribute name="YEAR" id="C6006164-A1B0-D2AC-C7FA-B4F1292ED848">
<createdBy>mannannlegur</createdBy>
<createdTime>2016-03-13 22:34:49 UTC</createdTime>
<ownerDesignName>MusicWorld</ownerDesignName>
<engineerTo>
<item key="BC7DC5D8-8C43-0E19-D699-1B5F70B287DB" value="true"/>
</engineerTo>
<useDomainConstraints>false</useDomainConstraints>
<use>1</use>
<logicalDatatype>LOGDT038</logicalDatatype>
<ownDataTypeParameters>,,</ownDataTypeParameters>
</Attribute>
<Attribute name="LENGTH" id="42EFD375-00C0-C4D2-B53F-BE8F0FBB2018">
<createdBy>mannannlegur</createdBy>
<createdTime>2016-03-13 22:35:07 UTC</createdTime>
<ownerDesignName>MusicWorld</ownerDesignName>
<engineerTo>
<item key="BC7DC5D8-8C43-0E19-D699-1B5F70B287DB" value="true"/>
</engineerTo>
<useDomainConstraints>false</useDomainConstraints>
<use>1</use>
<logicalDatatype>LOGDT011</logicalDatatype>
<ownDataTypeParameters>,,</ownDataTypeParameters>
</Attribute>
<Attribute name="NAME" id="4D0D0168-25AD-64BD-93A9-59C8BE52809F">
<createdBy>mannannlegur</createdBy>
<createdTime>2016-03-16 20:17:45 UTC</createdTime>
<generatorID>FBF2192C-C692-E3A8-28A4-F046BD8727C6</generatorID>
<ownerDesignName>MusicWorld</ownerDesignName>
<engineerTo>
<item key="BC7DC5D8-8C43-0E19-D699-1B5F70B287DB" value="true"/>
</engineerTo>
<referedAttribute>D92D8ED5-F608-2001-2FE3-529DC7CC9A7E</referedAttribute>
<useDomainConstraints>false</useDomainConstraints>
<use>1</use>
<logicalDatatype>LOGDT025</logicalDatatype>
<dataTypeSize>50 CHAR</dataTypeSize>
<ownDataTypeParameters>50 CHAR,,</ownDataTypeParameters>
</Attribute>
</attributes>
<identifiers itemClass="oracle.dbtools.crest.model.design.logical.CandidateKey">
<identifier id="7358E72F-36ED-98F7-B3A6-E206BD8FBC8A" name="SONG PK">
<createdBy>mannannlegur</createdBy>
<createdTime>2016-03-13 22:33:59 UTC</createdTime>
<ownerDesignName>MusicWorld</ownerDesignName>
<engineerTo>
<item key="BC7DC5D8-8C43-0E19-D699-1B5F70B287DB" value="true"/>
</engineerTo>
<pk>true</pk>
<usedAttributes>
<attributeRef>4D0D0168-25AD-64BD-93A9-59C8BE52809F</attributeRef>
<attributeRef>BF0FAFB3-7456-98E7-8869-FD7FABFCE29D</attributeRef>
<attributeRef>7F105DD4-E13E-72F5-160B-87C869F2ACC2</attributeRef>
</usedAttributes>
</identifier>
</identifiers>
</Entity>