<?xml version = '1.0' encoding = 'UTF-8'?>
<Entity class="oracle.dbtools.crest.model.design.logical.Entity" directorySegmentName="seg_0" id="E78A2C1A-97ED-8BAA-CE2A-AFE43FE78CDD" name="IN_BAND">
<createdBy>mannannlegur</createdBy>
<createdTime>2016-04-13 11:06:56 UTC</createdTime>
<ownerDesignName>MusicWorld</ownerDesignName>
<engineerTo>
<item key="BC7DC5D8-8C43-0E19-D699-1B5F70B287DB" value="true"/>
</engineerTo>
<adequatelyNormalized>NO</adequatelyNormalized>
<expectedVolumes>0</expectedVolumes>
<fwdEngineeringStrategyName>Single Table</fwdEngineeringStrategyName>
<growthPercent>0</growthPercent>
<growthType>Year</growthType>
<maxVolumes>9999999</maxVolumes>
<minVolumes>0</minVolumes>
<normalForm>Third</normalForm>
<attributes itemClass="oracle.dbtools.crest.model.design.logical.Attribute">
<Attribute name="NAME" id="765DDE10-F572-02A7-B87A-BC827267DA40">
<createdBy>mannannlegur</createdBy>
<createdTime>2016-04-13 11:07:06 UTC</createdTime>
<generatorID>4AB4E3B9-7187-E22D-291E-27DDE751555C</generatorID>
<ownerDesignName>MusicWorld</ownerDesignName>
<engineerTo>
<item key="BC7DC5D8-8C43-0E19-D699-1B5F70B287DB" value="true"/>
</engineerTo>
<referedAttribute>D92D8ED5-F608-2001-2FE3-529DC7CC9A7E</referedAttribute>
<useDomainConstraints>false</useDomainConstraints>
<use>1</use>
<logicalDatatype>LOGDT025</logicalDatatype>
<dataTypeSize>50 CHAR</dataTypeSize>
<ownDataTypeParameters>50 CHAR,,</ownDataTypeParameters>
</Attribute>
<Attribute name="FAN_ID" id="DA2D53EA-4B77-901E-E856-8F56EB8FF320">
<createdBy>mannannlegur</createdBy>
<createdTime>2016-05-10 22:05:18 UTC</createdTime>
<generatorID>76C720D2-9C29-1BAA-7165-C5C1E52B1B34</generatorID>
<ownerDesignName>MusicWorld</ownerDesignName>
<engineerTo>
<item key="BC7DC5D8-8C43-0E19-D699-1B5F70B287DB" value="true"/>
</engineerTo>
<referedAttribute>9BA41347-18A8-B4B6-EC28-6CC2A9CDDB7F</referedAttribute>
<useDomainConstraints>false</useDomainConstraints>
<use>1</use>
<logicalDatatype>LOGDT011</logicalDatatype>
<ownDataTypeParameters>,,</ownDataTypeParameters>
</Attribute>
</attributes>
<identifiers itemClass="oracle.dbtools.crest.model.design.logical.CandidateKey">
<identifier id="7BA5FE80-A62D-8395-C1F3-0ABE592F5EC2" name="IN_BAND PK">
<createdBy>mannannlegur</createdBy>
<createdTime>2016-04-13 11:13:38 UTC</createdTime>
<ownerDesignName>MusicWorld</ownerDesignName>
<engineerTo>
<item key="BC7DC5D8-8C43-0E19-D699-1B5F70B287DB" value="true"/>
</engineerTo>
<pk>true</pk>
<usedAttributes>
<attributeRef>765DDE10-F572-02A7-B87A-BC827267DA40</attributeRef>
<attributeRef>DA2D53EA-4B77-901E-E856-8F56EB8FF320</attributeRef>
</usedAttributes>
</identifier>
</identifiers>
</Entity>