<?xml version = '1.0' encoding = 'UTF-8'?>
<Entity class="oracle.dbtools.crest.model.design.logical.Entity" directorySegmentName="seg_0" id="F17AF1DD-6665-2A88-C7E0-718948C6FC3C" name="IS_FAN">
<createdBy>mannannlegur</createdBy>
<createdTime>2016-04-13 11:08:57 UTC</createdTime>
<ownerDesignName>MusicWorld</ownerDesignName>
<engineerTo>
<item key="BC7DC5D8-8C43-0E19-D699-1B5F70B287DB" value="true"/>
</engineerTo>
<adequatelyNormalized>NO</adequatelyNormalized>
<expectedVolumes>0</expectedVolumes>
<fwdEngineeringStrategyName>Single Table</fwdEngineeringStrategyName>
<growthPercent>0</growthPercent>
<growthType>Year</growthType>
<maxVolumes>9999999</maxVolumes>
<minVolumes>0</minVolumes>
<normalForm>Third</normalForm>
<attributes itemClass="oracle.dbtools.crest.model.design.logical.Attribute">
<Attribute name="FAN_ID" id="E9224BE0-D9D6-0B16-3C69-B7F29877608D">
<createdBy>mannannlegur</createdBy>
<createdTime>2016-04-13 11:09:26 UTC</createdTime>
<generatorID>7D5A0E2E-B303-D134-F9AF-003D8C75731C</generatorID>
<ownerDesignName>MusicWorld</ownerDesignName>
<engineerTo>
<item key="BC7DC5D8-8C43-0E19-D699-1B5F70B287DB" value="true"/>
</engineerTo>
<referedAttribute>67491FE2-220F-E0E5-E27B-44995D59E812</referedAttribute>
<useDomainConstraints>false</useDomainConstraints>
<use>1</use>
<logicalDatatype>LOGDT011</logicalDatatype>
<ownDataTypeParameters>,,</ownDataTypeParameters>
</Attribute>
<Attribute name="NAME" id="19F709F2-3285-A4C7-C27B-58D8BCC900CA">
<createdBy>mannannlegur</createdBy>
<createdTime>2016-04-13 11:09:30 UTC</createdTime>
<generatorID>80ADB579-CFDD-17CA-F2C8-6D71B7291948</generatorID>
<ownerDesignName>MusicWorld</ownerDesignName>
<engineerTo>
<item key="BC7DC5D8-8C43-0E19-D699-1B5F70B287DB" value="true"/>
</engineerTo>
<referedAttribute>D92D8ED5-F608-2001-2FE3-529DC7CC9A7E</referedAttribute>
<useDomainConstraints>false</useDomainConstraints>
<use>1</use>
<logicalDatatype>LOGDT025</logicalDatatype>
<dataTypeSize>50 CHAR</dataTypeSize>
<ownDataTypeParameters>50 CHAR,,</ownDataTypeParameters>
</Attribute>
</attributes>
<identifiers itemClass="oracle.dbtools.crest.model.design.logical.CandidateKey">
<identifier id="547B1F0A-F61A-02B9-1497-D63F07A1822F" name="IS_FAN PK">
<createdBy>mannannlegur</createdBy>
<createdTime>2016-04-13 11:12:40 UTC</createdTime>
<ownerDesignName>MusicWorld</ownerDesignName>
<engineerTo>
<item key="BC7DC5D8-8C43-0E19-D699-1B5F70B287DB" value="true"/>
</engineerTo>
<pk>true</pk>
<usedAttributes>
<attributeRef>E9224BE0-D9D6-0B16-3C69-B7F29877608D</attributeRef>
<attributeRef>19F709F2-3285-A4C7-C27B-58D8BCC900CA</attributeRef>
</usedAttributes>
</identifier>
</identifiers>
</Entity>