<?xml version = '1.0' encoding = 'UTF-8'?>
<Entity class="oracle.dbtools.crest.model.design.logical.Entity" directorySegmentName="seg_0" id="F82C5F43-77DB-1349-E015-57BFB1B88B7D" name="BAND">
<createdBy>mannannlegur</createdBy>
<createdTime>2016-03-13 22:13:46 UTC</createdTime>
<ownerDesignName>MusicWorld</ownerDesignName>
<engineerTo>
<item key="BC7DC5D8-8C43-0E19-D699-1B5F70B287DB" value="true"/>
</engineerTo>
<adequatelyNormalized>NO</adequatelyNormalized>
<expectedVolumes>0</expectedVolumes>
<fwdEngineeringStrategyName>Single Table</fwdEngineeringStrategyName>
<growthPercent>0</growthPercent>
<growthType>Year</growthType>
<maxVolumes>9999999</maxVolumes>
<minVolumes>0</minVolumes>
<normalForm>Third</normalForm>
<shortName>BAND</shortName>
<attributes itemClass="oracle.dbtools.crest.model.design.logical.Attribute">
<Attribute name="NAME" id="D92D8ED5-F608-2001-2FE3-529DC7CC9A7E">
<createdBy>mannannlegur</createdBy>
<createdTime>2016-03-13 22:13:53 UTC</createdTime>
<ownerDesignName>MusicWorld</ownerDesignName>
<engineerTo>
<item key="BC7DC5D8-8C43-0E19-D699-1B5F70B287DB" value="true"/>
</engineerTo>
<useDomainConstraints>false</useDomainConstraints>
<use>1</use>
<logicalDatatype>LOGDT025</logicalDatatype>
<dataTypeSize>50 CHAR</dataTypeSize>
<ownDataTypeParameters>50 CHAR,,</ownDataTypeParameters>
</Attribute>
<Attribute name="STYLE" id="7FB1719A-CE3A-3386-88E1-69BE727D1479">
<createdBy>mannannlegur</createdBy>
<createdTime>2016-03-13 22:15:34 UTC</createdTime>
<ownerDesignName>MusicWorld</ownerDesignName>
<engineerTo>
<item key="BC7DC5D8-8C43-0E19-D699-1B5F70B287DB" value="true"/>
</engineerTo>
<useDomainConstraints>false</useDomainConstraints>
<use>1</use>
<logicalDatatype>LOGDT025</logicalDatatype>
<dataTypeSize>50 CHAR</dataTypeSize>
<ownDataTypeParameters>50 CHAR,,</ownDataTypeParameters>
</Attribute>
<Attribute name="BIRTHDAY" id="835F225D-203A-9154-03B6-7363EDC8D043">
<createdBy>mannannlegur</createdBy>
<createdTime>2016-03-13 22:14:33 UTC</createdTime>
<ownerDesignName>MusicWorld</ownerDesignName>
<engineerTo>
<item key="BC7DC5D8-8C43-0E19-D699-1B5F70B287DB" value="true"/>
</engineerTo>
<useDomainConstraints>false</useDomainConstraints>
<use>1</use>
<logicalDatatype>LOGDT038</logicalDatatype>
<ownDataTypeParameters>,,</ownDataTypeParameters>
</Attribute>
<Attribute name="DEATHDAY" id="3009AB61-3A50-7F91-F0D1-C0A6A43D1786">
<createdBy>mannannlegur</createdBy>
<createdTime>2016-03-13 22:15:14 UTC</createdTime>
<ownerDesignName>MusicWorld</ownerDesignName>
<engineerTo>
<item key="BC7DC5D8-8C43-0E19-D699-1B5F70B287DB" value="true"/>
</engineerTo>
<nullsAllowed>true</nullsAllowed>
<useDomainConstraints>false</useDomainConstraints>
<use>1</use>
<logicalDatatype>LOGDT038</logicalDatatype>
<ownDataTypeParameters>,,</ownDataTypeParameters>
</Attribute>
</attributes>
<identifiers itemClass="oracle.dbtools.crest.model.design.logical.CandidateKey">
<identifier id="5FF8DC5F-8DB9-8B31-2F9E-34421926B083" name="BAND PK">
<createdBy>mannannlegur</createdBy>
<createdTime>2016-03-13 22:14:19 UTC</createdTime>
<ownerDesignName>MusicWorld</ownerDesignName>
<engineerTo>
<item key="BC7DC5D8-8C43-0E19-D699-1B5F70B287DB" value="true"/>
</engineerTo>
<pk>true</pk>
<usedAttributes>
<attributeRef>D92D8ED5-F608-2001-2FE3-529DC7CC9A7E</attributeRef>
</usedAttributes>
</identifier>
</identifiers>
</Entity>